Name,Location,Rating
Mì Dầu Hào HongKong Thượng Hạng 港式蚝油捞面 - ChaChaanTeng - Phan Phú Tiên,"28 Phan Phú Tiên, P. 10, Quận 5, TP. HCM",3.5
Đậu Hủ Cá Viên HongKong 港式鱼丸豆腐 - ChaChaanTeng,"28 Phan Phú Tiên, P. 10, Quận 5, TP. HCM",3.5
Xôi Cadé Trần Phú Chính Gốc - 咖椰糯米饭,"28 Phan Phú Tiên, P. 10, Quận 5, TP. HCM",3.3
Kaya Toast Nướng - Cá Viên 咖椰吐司-鱼丸 & ChaChaanTeng,"28 Phan Phú Tiên, P. 10, Quận 5, TP. HCM",3.2
港式甜品店 Trôi Nước HongKong - ChaChaanTeng,"28 Phan Phú Tiên, P. 10, Quận 5, TP. HCM",3.6
茶餐厅 - Cha Chaan Teng - Ẩm Thực HongKong,"28 Phan Phú Tiên, P. 10, Quận 5, TP. HCM",3.2
American Hotdog,"28 Phan Phú Tiên, P. 10, Quận 5, TP. HCM",3.5
Sáu Bột Chiên - Tên Lửa,"428 Tên Lửa, P. Bình Trị Đông B, Quận Bình Tân, TP. HCM",3.6
"Bếp Nhà Baby Kem - Chim Cút Chiên Bơ, Cá Viên Chiên & Ăn Vặt - Nguyễn Hữu Cảnh","117/134 Nguyễn Hữu Cảnh, P. 22, Quận Bình Thạnh, TP. HCM",4.7
SteakZone,"77 Lê Quang Sung, P. 6, Quận 6, TP. HCM",3.7
Sủi Cảo 193 - Hà Tôn Quyền,"193 Hà Tôn Quyền, P. 4, Quận 11, TP. HCM",3.6
Dinh Ý - Cơm Gà Xối Mỡ - Số 23,"64 Số 23, P. Tân Quy, Quận 7, TP. HCM",3.0
Hoàng Yến Vietnamese Cuisine - Ngô Đức Kế,"7 - 9 Ngô Đức Kế, Quận 1, TP. HCM",3.5
Chè Thái Út Lyly,"384 Nguyễn Trọng Tuyển, P. 2, Quận Tân Bình, TP. HCM",4.4
TOUS les JOURS - Khánh Hội,"201 Khánh Hội, P. 6, Quận 4, TP. HCM",3.2
港式点心火锅 - Dimsum & Lẩu Hải Sản HongKong,"28 Phan Phú Tiên, P. 10, Quận 5, TP. HCM",3.2
吐司工坊 奶茶档 - Phan Phú Tiên,"28 Phan Phú Tiên, P. 10, Quận 5, TP. HCM",3.5
Chè HongKong - 港式糖水 - Phan Phú Tiên,"28 Phan Phú Tiên, P. 10, Quận 5, TP. HCM",3.5
Lẩu Cá Thác Lác Tươi Đặc Biệt  - Phan Phú Tiên,"28 Phan Phú Tiên, P. 10, Quận 5, TP. HCM",3.5
Cubo - Cơm Tấm Đêm,"122 Nguyễn Cư Trinh, P. Nguyễn Cư Trinh, Quận 1, TP. HCM",2.9
Gà Nướng Bùi Thị Xuân - Gà Nướng - Lý Chính Thắng,"60/80A Lý Chính Thắng Lý Chính Thắng, P. 8, Quận 3, TP. HCM",3.1
Cơm Tấm Bà Tám Tiền,"88 Nguyễn Thượng Hiền, Quận Gò Vấp, TP. HCM",3.6
Chè Khúc Bạch Thuý Dung - Đường Số 79,"129 Đường Số 79, Quận 7, TP. HCM",4.4
Ốc Tí Hon - Kênh Tân Hóa,"62 Kênh Tân Hóa, P. Phú Trung, Quận Tân Phú, TP. HCM",2.8
Nàng Gạo - Bánh Tráng Mỡ Hành,"B116 Bạch Đằng, P. 2, Quận Tân Bình, TP. HCM",4.3
Cơm Bình Dân Hồng Ký - Võ Văn Ngân,"54/2 Võ Văn Ngân, P. Bình Thọ, Tp. Thủ Đức, TP. HCM",1.5
7 Bún Riêu,"122 Hậu Giang, P. 6, Quận 6, TP. HCM",3.0
Takoyaki MB,"77/6 Thiên Phước, P. 15, Quận 11, TP. HCM",4.5
Chè Người Hoa An Điềm,"28 Phan Phú Tiên, P. 10, Quận 5, TP. HCM",3.4
ABC Bakery - Nguyễn Văn Lạc,"1A Nguyễn Văn Lạc, P. 21, Quận Bình Thạnh, TP. HCM",3.9
Kibaxa - Bắp Xào Trứng Muối,"8/18 Đường Số 25A, P. Tân Quy, Quận 7, TP. HCM",3.4
Ốc Nốc - Đặc Sản Ốc,"961 Trần Hưng Đạo, P. 1, Quận 5, TP. HCM",3.1
Cafe 18,"18 Phan Châu Trinh, Quận Tân Phú, TP. HCM",5.0
"Bento Delichi - Cơm Gà Xối Mỡ, Cơm Gà Mắm Tỏi - Quận 3","117/3 Vườn Chuối, P. 4, Quận 3, TP. HCM",3.4
Mai Tiên - Cơm Trưa Văn Phòng,"457/1 Trần Hưng Đạo, P. Cầu Kho, Quận 1, TP. HCM",2.2
Hanoi Ngon - Nem Chua Rán Ăn Vặt Chuẩn Hà Nội - Tô Hiến Thành,"163/24/77 Tô Hiến Thành, P. 13, Quận 10, TP. HCM",3.5
Cơm Niêu Chị Dậu,"86 Đường Số 30, P. Tân Phong, Quận 7, TP. HCM",4.7
Cơm Niêu Thiên Lý - Cửu Long,"87A Cửu Long, P. 15, Quận 10, TP. HCM",3.5
Chef Lập - Gà Nướng Pháp - Hai Bà Trưng,"180bis Hai Bà Trưng, P. Đa Kao, Quận 1, TP. HCM",3.6
ABC Bakery - Kinh Dương Vương,"545 Kinh Dương Vương, P. An Lạc , Quận Bình Tân, TP. HCM",2.9
Rin Cafe & Trà Sữa,"97 Đường Số 8, Quận 8, TP. HCM",4.8
Bún Mọc Cầu Bà Tàng - Bông Sao,"231 Đường Bông Sao, P.5, Quận 8, TP. HCM",4.7
Cơm Gà Xối Mỡ Thạch Lam - Thạch Lam,"217 Thạch Lam, P. Phú Thạnh, Quận Tân Phú, TP. HCM",3.5
Thiên Ân Phát - Quán Cơm Chay,"436/15 Cách Mạng Tháng 8, Quận 3, TP. HCM",3.1
Đại Phát Bakery - Lê Quang Định,"123 Lê Quang Định, P. 14, Quận Bình Thạnh, TP. HCM",3.8
Bánh Trung Thu Maison Des Gâteaux,"11 Tú Xương, P. 7, Quận 3, TP. HCM",4.3
Bánh mì Như Lan - 50 Hàm Nghi,"50 Hàm Nghi, P. Bến Nghé, Quận 1, TP. HCM",3.1
Bánh Mì Hấp - Cô Giang,"195 Cô Giang, Quận 1, TP. HCM",2.5
Xôi Mặn Minh Hưng - Độc Lập,"268 Độc Lập, P. Tân Thành, Quận Tân Phú, TP. HCM",3.5
Nga Cầu Đỏ - Vịt Quay,"264 Nguyễn Xí, P. 13, Quận Bình Thạnh, TP. HCM",2.4
Xíu Cua Quán - Cua Rang Me & Lẩu Cua - Tên Lửa,"461 Tên Lửa, P, Bình Trị Đông B, Quận Bình Tân, TP. HCM",0.5
Chân Gà Ngâm Sả Tắc - Shop Online,"117 Nguyễn Du, Quận 1, TP. HCM",4.0
Bún Bò Gánh - Lý Chính Thắng,"110 Lý Chính Thắng, P. 8, Quận 3, TP. HCM",3.2
Quán Chay 103,"103 Nguyễn Thái Bình, P. Nguyễn Thái Bình, Quận 1, TP. HCM",3.7
LuLu - Rau Củ Quả Online - Lý Thường Kiệt,"373/100 Lý Thường Kiệt, P. 8, Quận Tân Bình, TP. HCM",4.5
Chang Kang Kung - Hấp Thủy Nhiệt Hong Kong - Lê Quý Đôn,"Tầng 1, 14 Lê Quý Đôn, P. 6, Quận 3, TP. HCM",3.9
KATINAT - Nguyễn Sơn,"35 Nguyễn Sơn, P. Tây Thạnh, Quận Tân Phú, TP. HCM",3.5
A Mà Kitchen - Thực Phẩm Đông Lạnh,"23 Tôn Đức Thắng, P. Bến Nghé, Quận 1, TP. HCM",1.4
Tiệm Bánh Thanh Đan,"46B Nguyễn Văn Trỗi, P. 15, Quận Phú Nhuận, TP. HCM",3.6
Minh Quý - Bún Giò Heo,"27/6 Quốc Lộ 22, Xã Tân Thới Nhì, Huyện Hóc Môn, TP. HCM",3.6
ABC Bakery - Bình Chánh,"A 27/9 Quốc lộ 50, P. Bình Hưng , Huyện Bình Chánh, TP. HCM",3.9
Gà Rán Popeyes - Tên Lửa,"223 Đường Số 7, P. Bình Trị Đông, Quận Bình Tân, TP. HCM",3.8
Cơm Gà An Hội,"44/32 Tân Hải, P. 13, Quận Tân Bình, TP. HCM",4.3
Bún Bò Phú Thiên,"22 Tân Hải, Quận Tân Bình, TP. HCM",4.0
"Chân Gà Dzô Dzô - Nem Nướng, Mì Cay & Cá Viên Chiên - Trường Chinh","491/4 Trường Chinh, P. 14, Quận Tân Bình, TP. HCM",4.3
Cháo Mực Thanh Sơn,"144 Nguyễn Đình Chiểu, P. 6, Quận 3, TP. HCM",3.2
Nước Sâm Gia Truyền - Lê Hồng Phong,"318 Lê Hồng Phong, P. 1, Quận 10, TP. HCM",3.7
Domino’s Pizza - Kha Vạn Cân,"738 Kha Vạn Cân, Tp. Thủ Đức, TP. HCM",3.8
Lan Huệ - Bánh Mì Thịt Nướng Pate,"402/3 Lê Văn Sỹ, Quận 3, TP. HCM",3.2
Bánh Mì Tư Ấu,"Hẻm 174 Nguyễn Thiện Thuật, P. 3, Quận 3, TP. HCM",3.5
Quán Trang - Mì Quảng & Bánh Bèo,"68/6 Lữ Gia, P. 15, Quận 11, TP. HCM",3.2
Bún Đậu Mạc Văn Khoa - Trần Quang Khải,"90 Trần Quang Khải, P. Tân Định, Quận 1, TP. HCM",2.5
A Lử Bún Đậu - Bún Chả Hà Nội,"3 Đường Số 35, P. Linh Đông, Tp. Thủ Đức, TP. HCM",4.3
Tacos & Hamburger 24/7,"194/19/25 Bạch Đằng, P. 24, Quận Bình Thạnh, TP. HCM",4.0
Chè Mè Đen Lượm,"27A Nguyễn Văn Đậu, P. 6, Quận Bình Thạnh, TP. HCM",4.0
Bún Thịt Nướng Anh Thành,"67 Võ Văn Kiệt, P. Cầu Ông Lãnh, Quận 1, TP. HCM",2.9
Gỏi Khô Bò Ông Năm - Nguyễn Văn Thủ,"76 Nguyễn Văn Thủ, P. Đa Kao, Quận 1, TP. HCM",3.7
Baba Espresso - Coffee & Tea,"229 Đặng Thùy Trâm (Đường Trục), P. 13, Quận Bình Thạnh, TP. HCM",3.7
Chef Gấu - Cơm Cà Ri Vị Nhật,"41/28 Ngô Quyền, P. 6, Quận 10, TP. HCM",3.8
Quán Ăn Maika - Bún Thái & Cơm Trộn - Nguyễn Trãi,"528 Nguyễn Trãi, P. 8, Quận 5, TP. HCM",3.4
O Tú - Bún Bò Huế - Đường Số 1,"143 Đường Số 1, P. Bình Trị Đông B, Quận Bình Tân, TP. HCM",3.1
Kem Swensen's - Nguyễn Thái Học,"73 Nguyễn Thái Học, P. Cầu Ông Lãnh, Quận 1, TP. HCM",3.6
Phong Châu Quán - Bánh ngọt & Trà Sữa,"11 Lê Lợi, P. Hiệp Phú, Tp. Thủ Đức, TP. HCM",4.0
Cơm Sườn Mê Kông,"136 Sương Nguyệt Ánh, Quận 1, TP. HCM",2.8
Bún Cá Hạnh Béo,"88 Phan Xích Long, P. 3, Quận Bình Thạnh, TP. HCM",3.3
Quán Ốc Sáu Loan,"436A/50 Đường 3 Tháng 2, P. 12, Quận 10, TP. HCM",3.7
Bún Riêu Cây Mận - Hòa Hảo,"350 Hoà Hảo, P. 5, Quận 10, TP. HCM",3.2
Minh Đức - Các Món Cơm Việt - 35 Tôn Thất Tùng,"35 Tôn Thất Tùng, P. Phạm Ngũ Lão, Quận 1, TP. HCM",3.2
Cơm Bình Dân Hoàng Yến - Nguyễn Hữu Thọ,"338 Nguyễn Hữu Thọ, P. Tân Phong, Quận 7, TP. HCM",5.0
Mì Ốc Hến Dì Lan - Nguyễn Công Trứ,"53 Nguyễn Công Trứ, P. 19, Quận Bình Thạnh, TP. HCM",2.9
Cơm Gà Singapore 99 - Chicken Rice - Trần Huy Liệu,"140/9 Trần Huy Liệu, Quận Phú Nhuận, TP. HCM",3.5
TocoToco Bubble Tea - 75 Lê Trọng Tấn,"75 Lê Trọng Tấn, P. Sơn Kỳ, Quận Tân Phú, TP. HCM",2.9
Trà sữa ToCoToCo - 379 Lê Trọng Tấn,"379 Lê Trọng Tấn, P. Sơn Kỳ, Quận Tân Phú, TP. HCM",3.2
Thành Ký Mì Gia - Nguyễn Thị Định,"14B Nguyễn Thị Định, P. An Phú, Quận 2, TP. HCM",3.0
An Hòa - Bún Bò Huế - Nguyễn Hữu Cảnh,"SH 06, Landmark 6, Vinhomes Central Park, 208 Nguyễn Hữu Cảnh, P. 22, Quận Bình Thạnh, TP. HCM",3.8
Hoàng Mập - Đặc Sản Thịt Thỏ,"549/43 Lê Văn Thọ, P. 14, Quận Gò Vấp, TP. HCM",3.1
Thành Đạt - Hủ Tíu Nam Vang - Cô Bắc,"34 Cô Bắc, P. Cầu Ông Lãnh, Quận 1, TP. HCM",3.2
Seol Hwa - Bingsu Sữa Bào Tuyết Hoa - Sky Graden,"28/1 Phạm Văn Nghị, Khu Phố Sky Garden 1, P. Tân Phong, Quận 7, TP. HCM",4.0
"Đại Dương - Bánh Mì Heo Quay, Bánh Hỏi Heo Quay & Xôi Mặn","4D Tân Sơn Nhì, P. Tân Sơn Nhì, Quận Tân Phú, TP. HCM",3.2
"Highlands Coffee - Trà, Cà Phê & Bánh - Joy Citipoint","Joy Citipoint, 18/7 Quốc Lộ 1A, P. Linh Trung, Tp. Thủ Đức, TP. HCM",4.0
Pizza Hut - Phạm Văn Chiêu,"82 Phạm Văn Chiêu, Quận Gò Vấp, TP. HCM",3.5
Quyên - Bún Nước Tôm Bò,"68 Trần Kế Xương, P. 3, Quận Bình Thạnh, TP. HCM",3.1
Sushi 79 - Nguyễn Tri Phương,"489 Nguyễn Tri Phương, P. 8, Quận 10, TP. HCM",3.5
Burger King - Nguyễn Tri Phương,"539 Nguyễn Tri Phương, P. 8, Quận 10, TP. HCM",2.4
Quỳnh Hoa - Bánh Plan Rau Câu,"117 Lô G Khu Tái Thiết Hoàng Diệu, P. 9, Quận 4, TP. HCM",3.4
Bánh Cuốn Tây Hồ - Đinh Tiên Hoàng,"127 Đinh Tiên Hoàng, P. Đa Kao, Quận 1, TP. HCM",3.0
Hủ Tiếu Xào - Thái Phiên,"100/1 Thái Phiên, Quận 11, TP. HCM",3.6
Lẩu Cá Kèo Bà Huyện - 87 Bà Huyện Thanh Quan,"87 Bà Huyện Thanh Quan, P. 7, Quận 3, TP. HCM",3.3
Chi Bằng - Các Món Gà,"55/18 Trường Sơn, Quận Tân Bình, TP. HCM",1.6
Bánh Xèo Chị Tám,"33 Mã Lò, P. Bình Trị Đông A, Quận Bình Tân, TP. HCM",3.5
Sushi Hokkaido Sachi 北海道サチ - Nguyễn Trãi,"139A - B Nguyễn Trãi, P. Bến Thành, Quận 1, TP. HCM",4.0
Chè Bưởi - Bùi Thị Xuân,"20 Bùi Thị Xuân, P. 2, Quận Tân Bình, TP. HCM",3.8
Cơm Gà Thiên Thiên - Chi Nhánh 2,"65 Đường Số 1, P. Bình Trị Đông B, Quận Bình Tân, TP. HCM",3.0
Mì Quảng Thu Bồn - Nguyễn Trọng Tuyển,"182/1 Nguyễn Trọng Tuyển, P. 8, Quận Phú Nhuận, TP. HCM",3.4
Quán Long Ký - Cơm Gà Hải Nam,"126 Đường Số 1, P. Bình Trị Đông B, Quận Bình Tân, TP. HCM",3.2
The Pizza Company - Lê Văn Quới,"239 Lê Văn Quới, P. Bình Trị Đông, Quận Bình Tân, TP. HCM",3.6
Quán Cơm Lan Anh,"93 Bắc Hải, Quận 10, TP. HCM",2.6
Beefsteak 100gram - Nguyễn Gia Thiều,"2/108 Nguyễn Gia Thiều, P. 6, Quận 3, TP. HCM",3.4
Mai - Hủ Tiếu & Bánh Canh,"T2A Nguyễn Hữu Hào, P. 6, Quận 4, TP. HCM",4.2
Bún Đậu Mắm Tôm A Chảnh - Tân Vĩnh,"60 Tân Vĩnh, P. 6, Quận 4, TP. HCM",2.8
Hương Sen - Bún Đậu Mắm Tôm - Lê Văn Lương,"409 Lê Văn Lương, P. Tân Phong, Quận 7, TP. HCM",3.4
Con Gà Trống Garden 1 - Cô Bắc,"46 Cô Bắc, P. Cầu Ông Lãnh, Quận 1, TP. HCM",3.5
KATINAT - Tân Sơn Nhì,"195 Tân Sơn Nhì, P. Tân Sơn Nhì, Quận Tân Phú, TP. HCM",2.9
Cơm Gà Hồng Phát - Tân Bình,"475 - 477 Hoàng Văn Thụ, P. 4, Quận Tân Bình, TP. HCM",2.7
Mì Quảng Hải Âu,"001 Lô G, Chung Cư Bàu Cát 2, Ni Sư Huỳnh Liên, Quận Tân Bình, TP. HCM",3.2
Đặc Sản Miền Trung,"309 Tên Lửa, P. Bình Trị Đông B, Quận Bình Tân, TP. HCM",3.2
Quán Cơm Thanh Ngân - Cơm Nhà - Phổ Quang,"95/1 Phổ Quang, P. 2, Quận Tân Bình, TP. HCM",3.1
Buddha Bar & Grill,"7 Thảo Điền, P. Thảo Điền, Tp. Thủ Đức, TP. HCM",1.5
Ba Nga Mì Quảng,"457 Lê Quang Định, P. 1, Quận Gò Vấp, TP. HCM",4.0
Xôi Gà Út Mập - Number One - Phan Bội Châu,"22 Phan Bội Châu, P. Bến Thành, Quận 1, TP. HCM",3.0
Xôi Ngọt - Cao Thắng,"Ngã 4 Cao Thắng - Nguyễn Đình Chiểu, P. 5, Quận 3, TP. HCM",3.8
Trái Cây Tô - 229 Tô Hiến Thành,"229 Tô Hiến Thành, Quận 10, TP. HCM",3.1
Quán Tú - Nhậu Bình Dân,"2 Bis Lương Hữu Khánh, Quận 1, TP. HCM",3.5
Hoàng Ký Đài Loan - Cơm Gà Xối Mỡ - Vạn Kiếp,"64 Vạn Kiếp, P. 3, Quận Bình Thạnh, TP. HCM",3.1
"Phá Lấu 55 - Phá Lấu , Há Cảo Chiên & Cút Lộn Xào Me - Vạn Kiếp","55/2 Vạn Kiếp, P. 3, Quận Bình Thạnh, TP. HCM",4.8
Hủ Tíu Mì - Vạn Kiếp,"80/2D Vạn Kiếp, P.3, Quận Bình Thạnh, TP. HCM",3.7
Phá Lấu Bò & Bò Kho Mr Beo - Vạn Kiếp,"54 Vạn Kiếp, P. 3, Quận Bình Thạnh, TP. HCM",4.8
Lò Bánh Mì Thúy Tiền - 40 Vạn Kiếp,"40 Vạn Kiếp, P.3, Quận Bình Thạnh, TP. HCM",3.9
Bún Bò Huế 18 - Cao Bá Nhạ,"18 Cao Bá Nhạ, P. Nguyễn Cư Trinh, Quận 1, TP. HCM",3.6
Cơm 42,"42 Cô Bắc, Quận 1, TP. HCM",3.5
Bột Chiên Cầu Kênh Tẻ,"469/36 Đoàn Văn Bơ, P. 13, Quận 4, TP. HCM",4.2
Bột Chiên Đạt Thành,"277 Võ Văn Tần, P. 5, Quận 3, TP. HCM",3.4
Buttery VN - Bánh Chuối,"54 Nguyễn Phi Khanh, P. Tân Định, Quận 1, TP. HCM",4.1
Chè Cung Đình Huế - Huỳnh Tấn Phát,"482 Huỳnh Tấn Phát, Quận 7, TP. HCM",3.5
Út Dung - Bánh Canh Trảng Bàng - 439-441 Nguyễn Tri Phương,"439-441 Nguyễn Tri Phương, P. 8, Quận 10, TP. HCM",0.5
Xôi & Chè - Huỳnh Văn Bánh,"324A Huỳnh Văn Bánh, P. 10, Quận Phú Nhuận, TP. HCM",0.5
Xôi Chè Cô Phụng,"51/3 Hồ Thị Kỷ, P. 1, Quận 10, TP. HCM",4.0
Hằng - Bún Mắm & Bún Thái,"385A Minh Phụng, P. 9, Quận 6, TP. HCM",3.8
Trà Sữa Gong Cha - 貢茶 - Phan Xích Long,"240 Phan Xích Long, P. 7, Quận Phú Nhuận, TP. HCM",3.2
A Ke - Mì Xào Giòn,"Nguyễn Thái Sơn, P. 4, Quận Gò Vấp, TP. HCM",2.7
SaSin - Mì Cay 7 Cấp Độ Hàn Quốc - Tạ Quang Bửu,"833A Tạ Quang Bửu, P. 5, Quận 8, TP. HCM",3.3
MỲ CAY HÀN QUỐC DOKI - MỲ CAY 7 CẤP ĐỘ - Tạ Quang Bửu,"932B Tạ Quang Bửu, P. 5, Quận 8, TP. HCM",0.5
Bún Chả Hà Nội 26,"8A/9C2 Thái Văn Lung, Quận 1, TP. HCM",3.3
Bò Lá Lốt Mỡ Chài - Đặng Thúc Liêng,"98 Đặng Thúc Liêng, P. 4, Quận 8, TP. HCM",5.0
Hao Chuan - Mì Bò Cay Tứ Xuyên - Võ Văn Tần,"299 Võ Văn Tần, P. 5, Quận 3, TP. HCM",3.5
"Huocha - Trà sữa, Nước ép & Ăn Vặt - Đặng Văn Bi","199 Đặng Văn Bi, P. Trường Thọ, Tp. Thủ Đức, TP. HCM",3.4
Cơm Gà A Chảy,"2/17 Cô Giang, P. 2, Quận Phú Nhuận, TP. HCM",3.7
Quán Cơm 187 - Cô Giang,"187 Cô Giang, P. Cô Giang, Quận 1, TP. HCM",3.9
Bánh Ông Tức - Mr. Angry Cake - Ngô Quyền,"231 Ngô Quyền, P. 6, Quận 10, TP. HCM",4.1
KOI Thé - Nguyễn Đức Cảnh,"157 Khu Grand View, Nguyễn Đức Cảnh, P. Tân Phong, Quận 7, TP. HCM",3.8
Bún Đậu Mắm Tôm A Chảnh - Tôn Đản,"299 Tôn Đản, P. 15, Quận 4, TP. HCM",3.4
Bún Đậu A Tòn - Bún Đậu Mắm Tôm - Nguyễn Cửu Vân,"53 Nguyễn Cửu Vân, P. 17, Quận Bình Thạnh, TP. HCM",4.9
Nhân Quán - Bún Đậu Mắm Tôm,"43 Lê Bình, P. 4, Quận Tân Bình, TP. HCM",4.8
Cơm Gà A Thòn - Tuy Lý Vương,"127 Tuy Lý Vương, P. 12, Quận 8, TP. HCM",2.5
Quán 185 - Cháo Trắng & Cơm Bình Dân - Nguyễn Trãi,"197 Nguyễn Trãi, P. Nguyễn Cư Trinh, Quận 1, TP. HCM",3.1
Phá Lấu Ngọc Thắm,"642 Nguyễn Đình Chiểu, P. 3, Quận 3, TP. HCM",2.9
"Bistro 68 - Steak, Spaghetti & Salad","212/40 Nguyễn Oanh, P. 17, Quận Gò Vấp, TP. HCM",4.0
Bánh Canh Cua - Huỳnh Mẫn Đạt,"46 Huỳnh Mẫn Đạt, P. 2, Quận 5, TP. HCM",3.5
Phá Lấu Bò - Bà Hạt,"533 Bà Hạt, Quận 10, TP. HCM",3.5
Thanh Niên - Lẩu Và Các Món Nhậu,"20A Nguyễn Tuyển, P. Bình Trưng Tây, Quận 2, TP. HCM",3.2
Cơm Tấm Bụi Sài Gòn - Thạch Thị Thanh,"100 Thạch Thị Thanh, P. Tân Định, Quận 1, TP. HCM",3.0
Làng Vòng - Bún Đậu Mắm Tôm & Bún Chả - Nguyễn Hữu Cầu,"47/5D Nguyễn Hữu Cầu, P. Trung Mỹ Tây, Quận 12, TP. HCM",5.0
Bún Chả Phố Cổ - Phan Xích Long,"225 Phan Xích Long, P. 2, Quận Phú Nhuận, TP. HCM",3.6
Tiệm Bánh Susan Bakery,"42A Đường 783 Tạ Quang Bửu, P. 4, Quận 8, TP. HCM",3.5
Pizza Hut - Phạm Hùng,"364 Phạm Hùng (Đối Diện Nhà Thờ Nam Hải), P. 5, Quận 8, TP. HCM",3.4
Con Gà Mái - Cơm Gà Phú Yên - Nguyễn Đình Chiểu,"72 Nguyễn Đình Chiểu, P. Đa Kao, Quận 1, TP. HCM",2.2
Con Gà Mái - Cơm Gà Phú Yên - Trần Cao Vân,"21A Trần Cao Vân, P. Đa Kao, Quận 1, TP. HCM",3.2
Mimi Fast Breakfast,"78 Hà Huy Tập, Khu Nam Thiên 1, P. Tân Phong, Phú Mỹ Hưng, Quận 7, TP. HCM",4.4
Bún Riêu Nhà - Trần Quốc Thảo,"63B Trần Quốc Thảo, P. 7, Quận 3, TP. HCM",3.5
Bún Bò Tây Lộc,"50 Nguyễn Bỉnh Khiêm, P. Đa Kao, Quận 1, TP. HCM",3.5
Bún Suông,"183/43 Bến Vân Đồn, P. 1, Quận 4, TP. HCM",3.4
Chè - Cafe Kem Chú Ba - Bình Giã,"5 Bình Giã, Quận Tân Bình, TP. HCM",3.5
Chè Vy Anh - Shop Online,"14 Cao Đức Lân, P. An Phú, Tp. Thủ Đức, TP. HCM",4.0
BreadTalk - Vincom Center,"Tầng B3, Vincom Center, 72 Lê Thánh Tôn, P. Bến Nghé, Quận 1, TP. HCM",3.6
BreadTalk - Gigamall,"Tầng 2, Giga Mall, 240 Phạm Văn Đồng, P. Hiệp Bình Chánh, Tp. Thủ Đức, TP. HCM",3.8
BreadTalk - Cantavil Premier,"Tầng Trệt, Cantavil Premier, 1 Song Hành, P. An Phú, Tp. Thủ Đức, TP. HCM",3.4
Bánh Ướt Lòng Gà Minh - Kha Vạn Cân,"877A Kha Vạn Cân, P. Linh Tây, Tp. Thủ Đức, TP. HCM",2.6
Kim Thảo - Hột Vịt Lộn,"104 Xuân Thủy, Tp. Thủ Đức, TP. HCM",3.0
Cơm Trộn Hàn Quốc - 251 Bàu Cát,"251 Bàu Cát, P. 12, Quận Tân Bình, TP. HCM",2.9
Quán Ăn Công Đoàn - Cơm Văn Phòng,"1 Bùi Thị Xuân, P. Phạm Ngũ Lão, Quận 1, TP. HCM",3.5
Cơm Tiều Châu Tín Dũ,"243 Tân Thành, P. 15, Quận 5, TP. HCM",3.4
Cơm Tấm Tiều Châu - Lý Tự Trọng,"238 Lý Tự Trọng, P. Bến Thành, Quận 1, TP. HCM",4.2
692 Coffee & Cơm Văn Phòng,"490/6 Đoàn Văn Bơ, P. 14, Quận 4, TP. HCM",3.5
Cơm Văn Phòng Tân Mập,"258-260 Cao Thắng, Quận 10, TP. HCM",4.8
Sữa Chua Nếp Cẩm - Đường Số 18,"1B Đường Số 18, P. Linh Chiểu, Tp. Thủ Đức, TP. HCM",5.0
Bánh Mì Thịt Bò Nướng Cô Lành - Hồ Xuân Hương,"6 Hồ Xuân Hương, P. 14, Quận Bình Thạnh, TP. HCM",3.8
Pizza Hut - Trần Não,"9 Trần Não, P. Bình An, Tp. Thủ Đức, TP. HCM",3.2
Pizza Hut - St Center,"GF01-03 Tầng 1 ST Center, 2A Bình Chiểu, P. Bình Chiểu, Tp. Thủ Đức, TP. HCM",2.1
Nước Mát Hồ Lô Vàng - Trần Hưng Đạo,"315 - 317 Trần Hưng Đạo, P. 10, Quận 5, TP. HCM",3.8
Bà Lâm - Cháo Vịt & Gỏi,"343/2 Tô Hiến Thành, P. 12, Quận 10, TP. HCM",3.2
Phan Lê - Bún Cá Lóc - Cao Thắng,"159 Cao Thắng, P. 11, Quận 10, TP. HCM",3.6
Hỷ Lâm Môn - Hậu Giang,"193 Hậu Giang, P. 5, Quận 6, TP. HCM",3.0
Gia Phú Phúc Kiến - Ẩm Thực Trung Hoa,"513/28 Gia Phú, P. 3, Quận 6, TP. HCM",3.6
Phở Quỳnh Mai - Củ Chi,"Gần QL22 & Trần Văn Chấm, Huyện Củ Chi, TP. HCM",3.6
Bánh Mì 362 - Trần Cao Vân,"25 Trần Cao Vân, P. Đa Kao, Quận 1, TP. HCM",3.5
Nhà Hàng Ngân Đình Sài Gòn,"52 - 54 - 56 Đồng Khởi, P. Bến Nghé, Quận 1, TP. HCM",3.6
Nhà Hàng Ngân Đình - Windsor Plaza,"Windsor Plaza, 18 An Dương Vương, Quận 5, TP. HCM",3.8
Bún Bò Cay Bạc Liêu - Nguyễn Trọng Tuyển,"220/20 Nguyễn Trọng Tuyển, P. 8, Quận Phú Nhuận, TP. HCM",3.4
Cơm Tự Chọn Family Rice - Nguyễn Trọng Tuyển,"226 Nguyễn Trọng Tuyển, Quận Phú Nhuận, TP. HCM",2.9
Trà Sữa Hi Tea - Trương Quốc Dung,"1 Trương Quốc Dung, P. 8, Quận Phú Nhuận, TP. HCM",3.5
"Cầu Rồng Quán - Cơm Gà, Bánh Canh & Bún Bò","35 Trương Quốc Dung, P. 8, Quận Phú Nhuận, TP. HCM",4.5
Bún Thịt Nướng & Nem Nướng,"25 Trương Quốc Dung, P. 8, Quận Phú Nhuận, TP. HCM",2.6
Nhí Quán - Cơm Văn Phòng - Nguyễn Trọng Tuyển,"220/21 Nguyễn Trọng Tuyển, P. 8, Quận Phú Nhuận, TP. HCM",3.5
Shahar Cafe Lounge,"4 - 1B Khu Mĩ Kim, Quận 7, TP. HCM",3.5
Bà Bắc - Bánh Tráng Cuốn Trộn,"40 Đường Số 11, Quận 4, TP. HCM",3.4
Ốc Nhớ Sài Gòn - Trịnh Đình Trọng,"136 Trịnh Đình Trọng, Quận Tân Phú, TP. HCM",3.6
Bánh Mì Que Pháp - Đào Duy Từ,"125 Đào Duy Từ, P. 5, Quận 10, TP. HCM",3.0
Hồng Phát - Tiệm Bánh,"236/25 Hòa Hảo, P. 3, Quận 10, TP. HCM",3.2
Poke Saigon - Lý Tự Trọng,"Lầu 1, 42Bis Lý Tự Trọng, P. Bến Nghé, Quận 1, TP. HCM",4.0
Thị Nghè Quán - Sinh Tố & Trái Cây Dĩa,"2 Huỳnh Mẫn Đạt, P. 19, Quận Bình Thạnh, TP. HCM",3.5
Út Minh - Cơm Gà Xối Mỡ & Mì Trộn Tóp Mỡ - Nguyễn Gia Trí,"1 Lô A3 Nguyễn Gia Trí Nối Dài, P. 25, Quận Bình Thạnh, TP. HCM",4.0
Cơm Truyền Ký - Quận 11,"39/20 Lý Thường Kiệt, Quận 11, TP. HCM",3.4
Xôi Chè 3 Chị Em,"32/76B Cao Bá Nhạ, P. Nguyễn Cư Trinh, Quận 1, TP. HCM",4.0
"Cô Liên - Mì Quảng, Bánh Bèo & Súp Cua","1 Đặng Thùy Trâm, P. 13, Quận Bình Thạnh, TP. HCM",4.5
123 Zô - Lẩu & Nướng - 455 Phạm Văn Đồng,"455 Phạm Văn Đồng, P. 13, Quận Bình Thạnh, TP. HCM",3.5
Bé Diệp - Bánh Xèo Rau Rừng,"455 Phạm Văn Đồng, P. 13, Quận Bình Thạnh, TP. HCM",2.7
Quán Dì 3 - Cà Ri Gà Ta,"1371 Đường 3 Tháng 2, Quận 11, TP. HCM",3.5
Vitamin Bar I - Sinh Tố & Ăn Vặt,"174 Đặng Văn Ngữ, P.14, Quận Phú Nhuận, TP. HCM",3.2
Cháo Ếch Singapore - 74E Hai Bà Trưng,"74E Hai Bà Trưng, P. Bến Nghé, Quận 1, TP. HCM",2.6
Cơm Tấm Bụi - Nguyễn Thị Thập,"325 Nguyễn Thị Thập, P. Tân Phong, Quận 7, TP. HCM",2.8
Xì Lồ - Cà Ri Dê Ấn Độ,"142/38 Nguyễn Kim, P. 6, Quận 10, TP. HCM",3.1
Bánh Mì Như Lan - Hai Bà Trưng,"363 - 365 - 367 Hai Bà Trưng, P. 8, Quận 3, TP. HCM",3.2
Bánh Mì Như Lan - 50 Hàm Nghi,"50 Hàm Nghi, P. Bến Nghé, Quận 1, TP. HCM",3.1
Dương Thành - Ẩm Thực Trung Hoa,"64 - 68 Phan Xích Long, P. 16, Quận 11, TP. HCM",3.4
Cơm Tấm Không Tên,"323 Thống Nhất, P. 11, Quận Gò Vấp, TP. HCM",1.2
Quán Bi Bo - Bún Riêu & Gỏi Cuốn,"34 Nguyễn Thái Học, P. Tân Thành, Quận Tân Phú, TP. HCM",1.4
Cháo Lòng 736 - Nguyễn Kiệm,"736B Nguyễn Kiệm, P. 4, Quận Phú Nhuận, TP. HCM",2.5
Bánh Xèo Bình Định Nẫu Ơi,"63B Ung Văn Khiêm, Quận Bình Thạnh, TP. HCM",3.4
Cơm Trộn 2 Cô - Xô Viết Nghệ Tĩnh,"294/63 Xô Viết Nghệ Tĩnh, P. 21, Quận Bình Thạnh, TP. HCM",3.2
Gà Rán KFC - Quang Trung,"1/25 Quang Trung, Huyện Hóc Môn, TP. HCM",3.3
Hồng Trà Ngô Gia - Trà Sữa - Đỗ Xuân Hợp,"258 Đỗ Xuân Hợp, P. Phước Long A, Tp. Thủ Đức, TP. HCM",3.7
Trà Sữa Trân Châu Phượng Hoàng,"317B Nguyễn Tri Phương, P. 5, Quận 10, TP. HCM",3.2
Bò Bía & Gỏi Cuốn,"51/24B Hồ Thị Kỷ, Quận 10, TP. HCM",3.7
BÚN BÒ HUẾ A MÀ NGON - PHỞ & BÒ KHO,"40/21 Lê Thị Hồng, P. 17, Quận Gò Vấp, TP. HCM",5.0
Hủ Tiếu Nam Vang - Chợ Phú Nhuận,"Chợ Phú Nhuận, Quận Phú Nhuận, TP. HCM",4.0
Trung Nguyên Legend - 603 Trần Hưng Đạo,"603 Trần Hưng Đạo, P. Cầu Kho, Quận 1, TP. HCM",3.9
Quán Mì Quảng Sâm,"16 Ca Văn Thỉnh, P. 11, Quận Tân Bình, TP. HCM",3.3
Hakuun Sushi & Tea,"116/4A8 Tân Hòa Đông, P. 14, Quận 6, TP. HCM",4.0
Orochi Chicken - Gà Sốt Ốc Quế - Đường Số 17,"185 Đường Số 17, P. Tân Quy, Quận 7, TP. HCM",2.1
Bosix Chicken,"542 Thống Nhất, P. 16, Quận Gò Vấp, TP. HCM",3.9
Sentosa Food - Cháo Ếch Singapore - Tô Hiến Thành,"188 Tô Hiến Thành, P. 15, Quận 10, TP. HCM",3.5
Venus Coffee & Tea,"80/113 Dương Quảng Hàm, P. 5, Quận Gò Vấp, TP. HCM",3.5
Xôi Tám Cẩu,"Góc Điện Biên Phủ & Cao Thắng (Sau Lưng Cafe Viva), Quận 3, TP. HCM",3.0
Lẩu Bò Nghị,"14/4 Khu Phố 3, P. Tân Thới Nhất, Quận 12, TP. HCM",3.0
Bánh Canh Cua Út Thảo - Lê Thánh Tôn,"171 Lê Thánh Tôn, P. Bến Nghé, Quận 1, TP. HCM",4.7
Cơm Thố Chuyên Ký,"67 Tôn Thất Đạm, P. Bến Nghé, Quận 1, TP. HCM",3.1
Chánh Thủy - Hủ Tiếu Mì & Lẩu Xí Quách,"Hẻm 90 Nguyễn Thị Tần, P. 2, Quận 8, TP. HCM",3.0
Gà Rán & Burger McDonald's Đa Kao,"2 - 6 Bis Điện Biên Phủ, Quận 1, TP. HCM",3.6
Quán Cơm Nhà - Phạm Ngũ Lão,"175/9 Phạm Ngũ Lão, P. Phạm Ngũ Lão, Quận 1, TP. HCM",5.0
Hủ Tíu Mì 217,"217 Nguyễn Văn Nghi, P. 7 , Quận Gò Vấp, TP. HCM",3.6
"Highlands Coffee - Trà, Cà Phê & Bánh - Nguyễn Thái Sơn","262 Nguyễn Thái Sơn, P. 4, Quận Gò Vấp, TP. HCM",4.0
Xuân Hòa - Hủ Tiếu Mì Thập Cẩm,"63 Nguyễn Thái Bình, Quận 1, TP. HCM",3.4
Gà rán và Mì Ý - Jollibee - Nguyễn Văn Quá,"B124-127 Nguyễn Văn Quá, P. Đông Hưng Thuận, Quận 12, TP. HCM",2.5
Mì Quảng Mỹ Sơn - Đinh Tiên Hoàng,"38B Đinh Tiên Hoàng, P. Đa Kao, Quận 1, TP. HCM",3.0
Ngọc Bích - Cháo Dinh Dưỡng - Nguyễn Oanh,"136/1 Nguyễn Oanh, P. 17, Quận Gò Vấp, TP. HCM",4.5
Trà Sữa ToCoToCo - 268 Đỗ Xuân Hợp,"268 Đỗ Xuân Hợp, P. Phước Long A, Tp. Thủ Đức, TP. HCM",3.0
Mì Hoành Thánh - Nguyễn Thái Học,"75 Nguyễn Thái Học, P. Cầu Ông Lãnh, Quận 1, TP. HCM",3.2
Mr Nghiem Saigon - Cháo Ếch & Cháo Cua Singapore - 38/15 Nguyễn Hữu Thọ,"38/15 Nguyễn Hữu Thọ, P. Tân Hưng, Quận 7, TP. HCM",1.7
Đóa Sen Vàng - Quán Cơm Chay,"154 Bắc Hải, Quận Tân Bình, TP. HCM",2.0
Nước Sâm Nước Mát Hồng Phong - Nguyễn Trãi,"154 Nguyễn Trãi, P. 3, Quận 5, TP. HCM",3.6
Thanh Xuân Quán - Bánh Cuốn Chả Lụa,"40B Đường 12, P. Tân Hưng, Quận 7, TP. HCM",1.6
Bánh Cuốn 72,"120 Tuy Lý Vương, P. 13, Quận 8, TP. HCM",4.0
Bánh Cuốn & Bánh Ướt Chả Lụa Bình Dân,"Tạ Quang Bửu, P. 5, Quận 8, TP. HCM",3.3
Bánh Cuốn Út Linh - Shop Online,"219/62A Dương Bá Trạc, P. 1, Quận 8, TP. HCM",5.0
HaLal - Chả Cá Thu Bao Ngon - Dương Bá Trạc,"110 Dương Bá Trạc, P. 2, Quận 8, TP. HCM",2.7
Chè 24,"24 Tôn Thất Hiệp, P. 13, Quận 11, TP. HCM",4.2
Nga Bình Định - Bánh Tráng Trộn & Bánh Tráng Cuốn,"14 Nguyễn Văn Bảo, P. 4, Quận Gò Vấp, TP. HCM",3.3
Gà Rán & Burger Lotteria - Hậu Giang,"52 Hậu Giang, P. 6, Quận 6, TP. HCM",3.4
Gà rán và Mì Ý - Jollibee - Hòa Hảo,"Tầng 3, Coopmart Lý Thường Kiệt, 497 Hòa Hảo, P. 7, Quận 10, TP. HCM",3.0
Lá Còn Xanh - Ăn Vặt Sạch & Bánh Tráng Long An,"206/69/5 Xô Viết Nghệ Tĩnh, P. 21, Quận Bình Thạnh, TP. HCM",3.9
Cơm Nhà 88 - Nguyễn Văn Trỗi,"88/11 Nguyễn Văn Trỗi, P. 8, Quận Phú Nhuận, TP. HCM",2.1
Cơm Tấm Cali - Nguyễn Văn Trỗi,"82 Nguyễn Văn Trỗi, P. 8, Quận Phú Nhuận, TP. HCM",3.2
Thebeo House - Trà Sữa,"125 Bình Long, P. Bình Hưng Hòa A, Quận Bình Tân, TP. HCM",4.8
Hủ Tiếu Chay Cây Đề - Diệp Minh Châu,"1 Diệp Minh Châu, P. Tân Sơn Nhì, Quận Tân Phú, TP. HCM",3.6
"Gỏi Cuốn, Bì Cuốn, Bò Bía - Nguyễn Trãi","212/A47 Nguyễn Trãi, P. Nguyễn Cư Trinh, Quận 1, TP. HCM",3.1
Yaourt 562 - Lê Quang Định,"562 Lê Quang Định, P. 1, Quận Gò Vấp, TP. HCM",2.5
Quốc Ký - Phở & Mì Bò Viên,"24 Ký Con, Quận 1, TP. HCM",2.6
Bánh Mì Bảy Quang,"7 Huỳnh Khương Ninh, P. Đa Kao, Quận 1, TP. HCM",3.6
Lò Vịt Quay Quang Ký,"109f/11/12 Bến Vân Đồn, P.9, Quận 4, TP. HCM",2.3
Chị Lệ - Chè Chuối Thập Cẩm,"51/90 Cao Thắng, P. 3, Quận 3, TP. HCM",4.4
Quán 162 - Quán Ăn Gia Đình,"162 Hậu Giang, P. 6, Quận 6, TP. HCM",3.9
Phá Lấu Tâm Ký - Nguyễn Trãi,"823 Nguyễn Trãi, P. 14, Quận 5, TP. HCM",3.5
Xing Fu Tang Vietnam - Trà Sữa Đài Loan - Phan Xích Long,"262 Phan Xích Long, P. 7, Quận Phú Nhuận, TP. HCM",3.8
Quán Chay Thanh Ái,"264 Bà Hạt, P. 9, Quận 10, TP. HCM",3.4
Gà Rán Popeyes - Nguyễn Thị Thập,"519 Đường Nguyễn Thị Thập, P. Tân Phong, Quận 7, TP. HCM",3.4
Thảo - Hủ Tiếu Nam Vang Chính Gốc,"12A Quang Trung, P. Hiệp Phú, Tp. Thủ Đức, TP. HCM",3.6
Bếp Chay Phạm Hồng Phước - Cách Mạng Tháng Tám,"199/15 Cách Mạng Tháng Tám, P. 14, Quận 3, TP. HCM",3.2
Bếp Chay Phạm Hồng Phước - Trường Sa,"140 Trường Sa, P. 15, Quận Bình Thạnh, TP. HCM",3.5
Hoàng Ký - Cơm Gà Xối Mỡ - Huỳnh Mẫn Đạt,"94 Huỳnh Mẫn Đạt, P. 2, Quận 5, TP. HCM",3.1
Pizza 4P'S - Lê Thánh Tôn,"8/15 Lê Thánh Tôn, P. Bến Nghé, Quận 1, TP. HCM",3.2
Ngọc Xuyến - Bánh Mì & Giò Chả,"41B Trần Quốc Toản, P. 8, Quận 3, TP. HCM",3.2
Thiện Thanh - Hủ Tiếu Chay - Shop Online,"682 Hồng Bàng, P. 1, Quận 11, TP. HCM",4.9
Hủ Tiếu Chay 148,"148 Phan Văn Trị, P. 12, Quận Bình Thạnh, TP. HCM",4.2
Phở 10 Lý Quốc Sư - Lê Đức Thọ,"68 Lê Đức Thọ, Quận Gò Vấp, TP. HCM",3.4
Bê Thui Cao Nguyên,"201 Đặng Văn Bi, P. Trường Thọ, Tp. Thủ Đức, TP. HCM",3.3
Cơm Gà Đông Nguyên - Nguyễn Trãi,"801 Nguyễn Trãi, P. 14, Quận 5, TP. HCM",3.1
Morico - Contemporary Japanese Lifestyle - Lê Lợi,"30 Lê Lợi, P. Bến Nghé, Quận 1, TP. HCM",3.9
Hải Sản Hưng Thịnh,"88/2 Đường 18, P. Hiệp Bình Chánh, Tp. Thủ Đức, TP. HCM",3.0
Cơm Tấm 932P,"932P Trường Sa, Quận 3, TP. HCM",3.7
Cơm Tấm Thuận Kiều - Yersin (Nguyễn Thái Bình),"114 Yersin, P. Nguyễn Thái Bình, Quận 1, TP. HCM",2.0
Pizza Roma - Cách Mạng Tháng 8,"66B Cách Mạng Tháng 8, P. 6, Quận 3, TP. HCM",2.8
Bò Viên - Lý Chính Thắng,"146A Lý Chính Thắng, P. 7, Quận 3, TP. HCM",3.1
Bếp Cô Khánh Linh - Bún Suông & Gỏi Dà - Shop Online,"3H Cư Xá Phan Đăng Lưu, P. 3, Quận Bình Thạnh, TP. HCM",4.0
Ông Bà Tôi - Bún Đậu Mắm Tôm,"100 Trần Quốc Toản, P. 7, Quận 3, TP. HCM",4.6
Chu - Cơm Miền Tây & Bún Cá Rô,"178 Ung Văn Khiêm, Quận Bình Thạnh, TP. HCM",4.7
Xôi Ngọt Chị Trang,"434 Phạm Văn Hai, P. 5, Quận Tân Bình, TP. HCM",2.1
Hoa Khai - Nhà Hàng Chay,"126 Nguyễn Cư Trinh, P. Nguyễn Cư Trinh, Quận 1, TP. HCM",3.5
Cơm Gà Đệ Nhất - Lê Văn Việt,"31 Lê Văn Việt, P. Hiệp Phú, Tp. Thủ Đức, TP. HCM",3.4
Chè Thái - Cửu Long,"62 Cửu Long, P. 15, Quận 10, TP. HCM",4.0
Xí Muội Quán - Súp Cua Tự Chọn,"02 Cư Xá Đường Sắt, (Hẻm 290) Lý Thái Tổ, P. 1, Quận 3, TP. HCM",3.7
"Highlands Coffee - Trà, Cà Phê & Bánh - 105 Độc Lập Tân Phú","105 Độc Lập, P. Tân Thành, Quận Tân Phú, TP. HCM",4.0
Passio Coffee - 25B Nguyễn Bỉnh Khiêm,"25B Nguyễn Bỉnh Khiêm, P. Bến Nghé, Quận 1, TP. HCM",3.5
Cháo 174 - Nguyễn Tri Phương,"174 Nguyễn Tri Phương, P. 9, Quận 5, TP. HCM",2.7
Việt Trinh - Chân Gà Nướng,"3 Nguyễn Văn Khối, P. 11, Quận Gò Vấp, TP. HCM",3.2
Da Gà Chiên Giòn 102,"2A1 An Dương Vương, P. An Lạc, Quận Bình Tân, TP. HCM",5.0
Quán Ăn Sạch - Bún Mắm - Đồng Đen,"64 Đồng Đen, Quận Tân Bình, TP. HCM",3.5
Bigbro Korean Hotdog,"85 Hồ Tùng Mậu, P. Bến Nghé, Quận 1, TP. HCM",3.8
Cháo Sườn Cô Giang - Cô Giang,"185 Cô Giang, P. Cô Giang, Quận 1, TP. HCM",5.0
Lương Ký Mì Gia,"1 Huỳnh Mẫn Đạt, P.19, Quận Bình Thạnh, TP. HCM",3.4
Gà Rán KFC - Huỳnh Tấn Phát,"719 Huỳnh Tấn Phát, P. Phú Thuận, Quận 7, TP. HCM",3.4
Gà Rán Popeyes - An Dương Vương,"326 An Dương Vương, P. 4, Quận 5, TP. HCM",3.5
Cơm Gà Xối Mỡ - Hải Thượng Lãn Ông,"196 Hải Thượng Lãn Ông, Quận 5, TP. HCM",3.5
Cô Có - Bún Nước Tôm Bò,"30 Hoa Sữa, P. 7, Quận Phú Nhuận, TP. HCM",3.0
Gà Rán & Burger McDonald’s Satra Pham Hung,"Tầng Trệt, TTTM Satra Phạm Hùng, C6/27 Phạm Hùng, Xã Bình Hưng, Huyện Bình Chánh, TP. HCM",3.5
Bánh Tráng Trộn Bin Bin,"C200/26 Xóm Chiếu, P. 14, Quận 4, TP. HCM",3.1
Gà Rán Minh Thùy - Chấn Hưng,"261/5 Chấn Hưng, P. 6, Quận Tân Bình, TP. HCM",5.0
Gỏi Cuốn Minh - Bùi Viện,"84/33 Bùi Viện, P. Phạm Ngũ Lão, Quận 1, TP. HCM",3.8
Mì Vịt Tiềm Chí Phát - Nguyễn Văn Nghi,"402 Nguyễn Văn Nghi, P. 7, Quận Gò Vấp, TP. HCM",3.0
Anh Vũ - Bánh Canh Cua,"19 Calmette, P. Nguyễn Thái Bình, Quận 1, TP. HCM",4.0
Cà Ri Gà 1357,"1357 Đường 3 Tháng 2, P. 16, Quận 11, TP. HCM",3.0
Phở Hạnh - Phở Trộn Lãn Ông - Nguyễn Cư Trinh,"211 Nguyễn Cư Trinh, Quận 1, TP. HCM",3.1
Tân Lập Restaurant & Bistro - Lê Thánh Tôn,"277 Lê Thánh Tôn, P. Bến Thành, Quận 1, TP. HCM",3.8
Bánh Canh Cua Lộc Vừng - Bình Thới,"19/3 Bình Thới, P. 11, Quận 11, TP. HCM",3.5
Gà Rán KFC - Lý Thường Kiệt,"446A Lý Thường Kiệt, P. 7 , Quận Tân Bình, TP. HCM",3.2
Cơm Tấm Thuận Kiều - Út Tịch,"17 Út Tịch, P. 4, Quận Tân Bình, TP. HCM",2.2
Bún Bò Huế Má Nấu,"182b Trần Bình Trọng, P. 3, Quận 5, TP. HCM",3.3
Bánh Cuốn Nóng - Lê Văn Sỹ,"413/25 Lê Văn Sỹ, P. 12 , Quận 3, TP. HCM",4.0
HỦ TIẾU CÔ BA - 1588 Huỳnh Tấn Phát,"1588 Huỳnh Tấn Phát, P. Phú Mỹ, Quận 7, TP. HCM",5.0
Cơm Tấm Mai - Đoàn Văn Bơ,"129 Đoàn Văn Bơ, P. 12, Quận 4, TP. HCM",3.3
Vịt Quay Phát Thành,"132 Bùi Hữu Nghĩa, P. 7, Quận 5, TP. HCM",3.4
Phúc Long 21 Nguyễn Thị Minh Khai,"21 - 23 Nguyễn Thị Minh Khai, P. Bến Nghé, Quận 1, TP. HCM",3.4
Bún Riêu Cô Hương Béo - Nguyễn Thị Minh Khai,"19B Nguyễn Thị Minh Khai , P. Bến Nghé, Quận 1, TP. HCM",2.2
Tư Ký - Cháo Sá Sùng,"338/3 Âu Cơ, P. 10, Quận Tân Bình, TP. HCM",4.0
Cơm Tấm Đêm Ngon,"399 Tân Kỳ Tân Quý, Quận Tân Phú, TP. HCM",2.5
Cơm Tấm 6B,"6B Tân Quý, P. Tân Quý, Quận Tân Phú, TP. HCM",4.0
Bánh Bông Lan Trứng Muối Hoàng Lê - Shop Online,"168/11A Hoàng Hoa Thám, P. 5, Quận Bình Thạnh, TP. HCM",3.7
Bánh Canh Cua 17,"92 Linh Đông, P. Linh Đông, Tp. Thủ Đức, TP. HCM",2.5
Trà Sữa Hay Day - Nguyễn Thị Thập,"400 Nguyễn Thị Thập, Quận 7, TP. HCM",3.5
Há Cảo Hồng Kông - Chung Cư Phan Xích Long,"003 Chung cư A3, 105 Phan xích Long, P. 7, Quận Phú Nhuận, TP. HCM",3.4
Bánh Mì Thanh Hằng,"360 Bạch Đằng, P. 14, Quận Bình Thạnh, TP. HCM",4.5
Gà Rán Otoké - Đậm Vị Hàn Quốc - Lạc Long Quân,"280 Lạc Long Quân, P. 10, Quận 11, TP. HCM",4.2
Cơm Tấm Kiều Giang - Xa Lộ Hà Nội,"652 Xa Lộ Hà Nội, Phước Long B, Tp. Thủ Đức, TP. HCM",2.6
Sinh Tố Nước Ép 4 - Văn Chung,"4 Văn Chung, Quận Tân Bình, TP. HCM",4.8
Bánh Xèo Tôm Nhảy Thanh Diệu - 80 Ung Văn Khiêm,"80 Ung Văn Khiêm, P. 25, Quận Bình Thạnh, TP. HCM",3.1
Bà Bành - Bánh Flan & Bánh Bao,"Đầu Hẻm 212A Nguyễn Trãi, Quận 1, TP. HCM",3.8
Trà Sữa Hạnh Dâu,"351/113 Lê Đại Hành, P. 13, Quận 11, TP. HCM",4.5
Bánh Cuốn Cô Loan,"357B Lê Đại Hành, P. 11, Quận 11, TP. HCM",2.2
Bánh Xèo Vĩnh Long,"799 Tạ Quang Bửu, P. 5, Quận 8, TP. HCM",3.6
Sạp Tám Mập - Cút Chiên Bơ - Sư Vạn Hạnh,"026 Lô F Chung Cư Ngô Gia Tự, Đường Sư Vạn Hạnh, Quận 10, TP. HCM",4.9
Vịt Quay Da Giòn Hoàng Gia Phát,"8 Ông Ích Khiêm, P. 14, Quận 11, TP. HCM",5.0
Bánh Xếp Thảo - Hải Thượng Lãng Ông,"266 Hải Thượng Lãng Ông, P. 14, Quận 5, TP. HCM",3.9
Bánh Mì Hà Nội - Nguyễn Thiện Thuật,"83 - 85 Nguyễn Thiện Thuật, Quận 3, TP. HCM",3.6
Lẩu Bò Năm Trọng,"C12/9 Mai Văn Vĩnh, P. Tân Quy, Quận 7, TP. HCM",2.6
Quán Nem Ninh Hòa - Bàu Cát,"97 Bàu Cát, P. 14, Quận Tân Bình, TP. HCM",2.5
Sukiya - Cơm Bò Hầm & Mì Ramen - Kênh Tân Hóa,"Đối Diện 273 Kênh Tân Hóa, P. Phú Trung, Quận Tân Phú, TP. HCM",2.9
Lẩu Gà Lá É - 236 Trương Vĩnh Ký,"236 Trương Vĩnh Ký, P. Tân Sơn Nhì, Quận Tân Phú, TP. HCM",4.8
Ốc Benz - Tạ Quang Bửu,"23/20B Tạ Quang Bửu, Quận 8, TP. HCM",3.5
Cơm Gà Xối Mỡ - Đào Cam Mộc,"100 Đào Cam Mộc, Quận 8, TP. HCM",3.6
Mì Cay Sasin - 11 Nguyễn Gia Trí,"11 Đường D2, P. 25, Quận Bình Thạnh, TP. HCM",3.0
Hủ Tiếu Mì Hoành Thánh - Lê Hồng Phong,"636 Lê Hồng Phong, P. 10, Quận 10, TP. HCM",3.8
Tàu Hủ Xe Lam - Phùng Văn Cung,"70 Phùng Văn Cung, P. 7, Quận Phú Nhuận, TP. HCM",3.5
Tàu Hủ Xe Lam - Lê Văn Sỹ,"262C Lê Văn Sỹ, P. 14, Quận 3, TP. HCM",4.9
Anh Thư - Bánh Bông Lan Trứng Muối & Bánh Mì Phô Mai,"61/31A Nguyễn Thượng Hiền, P. 5, Quận Bình Thạnh, TP. HCM",4.0
Tiệm Bánh Cô Lùn - Bông Lan Trứng Muối,"213/5 Nơ Trang Long, P. 12, Quận Bình Thạnh, TP. HCM",4.9
Bánh Bông Lan Trứng Muối Refresh - Shop Online,"47/11 Nguyên Hồng, P. 11, Quận Bình Thạnh, TP. HCM",2.4
Trà Sữa Xiên Que Hot & Cold - Trần Hưng Đạo,"32 Trần Hưng Đạo, P. Phạm Ngũ Lão, Quận 1, TP. HCM",3.2
Manwah Taiwanese Hotpot - Gigamall,"Tầng 5 Giga Mall, 240 - 242 Phạm Văn Đồng, P. Hiệp Bình Chánh, Tp. Thủ Đức, TP. HCM",4.0
Mẹ Nấu - Cơm Văn Phòng Giao Tận Nơi,"54E Bạch Đằng, P. 2, Quận Tân Bình, TP. HCM",3.8
Xôi Sườn Mạ Nấu - Đào Duy Anh,"19 Đào Duy Anh, P. 9, Quận Phú Nhuận, TP. HCM",3.2
Manwah Taiwanese Hotpot - Cao Thắng Mall,"Tầng 2 Cao Thắng Mall, 19 Cao Thắng, P. 2, Quận 3, TP. HCM",3.5
Quán Ăn Thanh Lịch - Cần Giờ,"185 Tắc Xuất, KP. Miếu Ba, TT. Cần Thạnh, Huyện Cần Giờ, TP. HCM",3.5
Quán 250 - Ẩm Thực Trung Hoa,"250 Gia Phú, P. 1, Quận 6, TP. HCM",3.9
Hột Vịt Lộn - Phạm Văn Hai,"188 Phạm Văn Hai, P. 3, Quận Tân Bình, TP. HCM",3.5
Cháo Lòng & Huyết Chưng 122 - Phạm Văn Hai,"124 Phạm Văn Hai, P. 3, Quận Tân Bình, TP. HCM",1.2
Xe Há Cảo Đặc Biệt,"107F Phạm Văn Hai, P. 3, Quận Tân Bình, TP. HCM",4.0
Cháo Trai Nghêu,"Phạm Văn Hai, P. 3, Quận Tân Bình, TP. HCM",3.9
Hủ Tiếu Gõ - Phạm Văn Hai,"154/56 Phạm Văn Hai, P. 3, Quận Tân Bình, TP. HCM",3.9
Phở Đức - Phạm Văn Hai,"107/9 Phạm Văn Hai, Quận Tân Bình, TP. HCM",4.2
Mì Ngũ Long Công Chúa,"418B Trần Phú, Quận 5, TP. HCM",3.7
Gia Thành Kebab,"17 Kỳ Đồng, P. 9, Quận 3, TP. HCM",3.7
Bánh Mì Kebab Chim Én,"17Bis Kỳ Đồng, P. 9, Quận 3, TP. HCM",2.0
Thương Thương - Lươn Xứ Nghệ,"121 Bàu Cát, P. 14, Quận Tân Bình, TP. HCM",3.5
"Bento Delichi - Cơm Gà Xối Mỡ, Cơm Gà Mắm Tỏi - Quận 4","5 Đường Số 33, P. 4, Quận 4, TP. HCM",4.0
Cơm Tấm Hoàng Gia,"57 Bửu Đình, Quận 6, TP. HCM",3.8
SaSin - Mì Cay 7 Cấp Độ Hàn Quốc - Hoa Phượng,"15A Hoa Phượng, P. 2, Quận Phú Nhuận, TP. HCM",2.0
Ốc Tuyết - Dương Bá Trạc,"Hẻm 456 Dương Bá Trạc, Quận 8, TP. HCM",3.4
Kem Bơ - Trái Cây Tô 251 - Đoàn Văn Bơ,"516 Đoàn Văn Bơ, P. 14, Quận 4, TP. HCM",1.4
Rau Má Mix - Nước Ép & Trà Trái Cây - 8 Vĩnh Hội,"8 Vĩnh Hội, P. 4, Quận 4, TP. HCM",4.0
Mì Quảng Thương,"252 Bàu Cát, P. 11, Quận Tân Bình, TP. HCM",5.0
RuNam Bistro - Đồng Khởi,"2 - 4 - 6 Đồng Khởi, P. Bến Nghé, Quận 1, TP. HCM",3.5
Bún Cá Rô Đồng Phong Lan,"56 Đường A4, P. 12, Quận Tân Bình, TP. HCM",4.6
Bánh Mì Anh Phán - Bánh Mì Gà & Thịt Nguội,"145 Cống Quỳnh, P. Nguyễn Cư Trinh, Quận 1, TP. HCM",3.6
Chả Cá Lã Vọng - Hồ Xuân Hương,"7 Hồ Xuân Hương, P. 6, Quận 3, TP. HCM",2.8
Cô Đào - Cơm Gà Xối Mỡ,"78/2 Phạm Viết Chánh, P. 19, Quận Bình Thạnh, TP. HCM",4.0
The Pizza Company - Tân Sơn Nhì,"456A Tân Sơn Nhì, P. Tân Quý, Quận Tân Phú, TP. HCM",3.8
Gà Kung Fu - Gà Nướng & Cơm Lam & Cá Nướng - Phan Văn Hân,"144/25 Phan Văn Hân, P. 17, Quận Bình Thạnh, TP. HCM",2.5
Bánh Canh Cua & Bánh Ướt Thiên Phước,"116/24 Thiên Phước, P. 9, Quận Tân Bình, TP. HCM",3.2
Dallas Cakes & Coffee - Cộng Hòa,"53 Cộng Hòa, P. 4, Quận Tân Bình, TP. HCM",4.0
Quán Cơm Cây Khế,"60 Ni Sư Huỳnh Liên, P. 10, Quận Tân Bình, TP. HCM",3.4
Bánh Canh Cua Dì Năm - Bùi Viện,"198 Bùi Viện, P. Phạm Ngũ Lão, Quận 1, TP. HCM",4.2
Lẩu Ếch Sáu Hiếu,"429/9 Quang Trung, P. 10, Quận Gò Vấp, TP. HCM",3.0
Bún Quậy Tâm Quán - Hậu Giang,"162B Hậu Giang, P. 6, Quận 6, TP. HCM",5.0
Phở Gà Phố Cổ - Đường Số 10,"12 Đường Số 10, P. Thảo Điền, Tp. Thủ Đức, TP. HCM",3.4
Nhà Hàng Chay Thanh Hương,"161 Ba Vân, P. 4, Quận Tân Bình, TP. HCM",3.5
Quán Chay Viên Mỹ,"57 Ngô Quyền, P. 6, Quận 10, TP. HCM",3.6
Cơm Tấm Chả Cua - Nguyễn Phi Khanh,"113 Nguyễn Phi Khanh, P. Tân Định, Quận 1, TP. HCM",2.0
Bún Bò A Hùng,"68/106 Đồng Nai, P. 15, Quận 10, TP. HCM",3.4
Hồng Hạnh - Bánh Cuốn & Món Huế,"17A Nguyễn Thị Minh Khai, P. Bến Nghé, Quận 1, TP. HCM",3.0
Kim Thanh - Cơm Trưa Văn Phòng,"4 Lê Văn Hưu, P. Bến Nghé, Quận 1, TP. HCM",3.2
Cháo Vịt Thanh Đa (Gốc Nhà Lá) - Huỳnh Tấn Phát,"242 Huỳnh Tấn Phát, P. Tân Thuận Tây, Quận 7, TP. HCM",2.7
Bánh Mì Cá - Hàng Xanh,"246D Xô Viết Nghệ Tĩnh, P. 21, Quận Bình Thạnh, TP. HCM",3.1
Quán Ăn Hùng Ký - Cơm Gà Xối Mỡ & Hủ Tiếu Xào,"801 Lạc Long Quân, Quận Tân Bình, TP. HCM",3.9
Chị Anh - Bún Riêu & Canh Bún,"203 Hậu Giang, Quận 6, TP. HCM",2.0
2 Chi - Bún Bò Huế & Bún Mắm Nêm,"275 Vĩnh Viễn, P. 5, Quận 10, TP. HCM",3.8
Bún Mắm Bạc Liêu,"78 Trần Nhân Tôn, Quận 10, TP. HCM",3.7
Kh’Hà Bếp - Bún Mắm Nêm - Shop Online,"505 Lê Hồng Phong, P. 2, Quận 10, TP. HCM",4.5
Bún Mắm Miền Tây - Cách Mạng Tháng 8,"262/4A Cách Mạng Tháng 8, P. 10, Quận 3, TP. HCM",3.6
Bún Mắm Lệ,"77/19 Hồ Thị Kỷ, P. 1, Quận 10, TP. HCM",3.9
Bánh Tráng Cô Mai,"147 Phạm Văn Hai, P. 5, Quận Tân Bình, TP. HCM",2.5
Yoshinoya Vietnam,"Lầu 2, 13 Lý Tự Trọng, P. Bến Nghé, Quận 1, TP. HCM",4.0
Gỏi Cuốn & Bò Bía - Bùi Viện,"148/18 Bùi Viện, P. Phạm Ngũ Lão, Quận 1, TP. HCM",4.2
Ăn Vặt Bò Bía Thiên Vũ,"10/15 Đ. Nguyễn Hồng Đào, P. 14, Quận Tân Bình, TP. HCM",2.4
Tiệm Bánh Mì Lúa,"73 - 75 Hoàng Diệu, P. 12, Quận 4, TP. HCM",3.7
Hokkaido Baked Cheese Tart - Gigamall,"Tầng 4 Giga Mall, 240 Phạm Văn Đồng, P. Hiệp Bình Chánh, Tp. Thủ Đức, TP. HCM",3.8
Lẩu Bò Trung Bắc,"42 Dân Chủ, Tp. Thủ Đức, TP. HCM",3.6
Ty Thy - Gỏi Đu Đủ Thái,"2B Bến Phú Lâm, P. 9, Quận 6, TP. HCM",3.1
Bánh Canh Cua Hoàng Lan - Phạm Hùng,"6/3A Phạm Hùng, P. 5, Quận 8, TP. HCM",0.6
Anh Đạt - Hủ Tiếu Nam Vang,"30/34 Đoàn Thị Điểm, P. 1, Quận Phú Nhuận, TP. HCM",3.9
Quán Nhà - Cơm & Bún Thịt Nướng,"6 Thành Mỹ, P. 8, Quận Tân Bình, TP. HCM",4.2
Bún Bò Sông Hương - Gò Dầu,"63A Gò Dầu, P. Tân Quý, Quận Tân Phú, TP. HCM",3.1
Mì Xào Bò 113,"113 Nguyễn Phúc Nguyên, P. 10, Quận 3, TP. HCM",3.0
Anh Mỹ - Cá Viên Chiên,"81 Nguyễn Thái Học, P. Cầu Ông Lãnh, Quận 1, TP. HCM",3.5
Há Cảo - Nguyễn Văn Lạc,"45 Nguyễn Văn Lạc P. 19, Quận Bình Thạnh, TP. HCM",3.5
Cơm Tấm Bình Dân - Hồ Bá Kiện,"157 Hồ Bá Kiện, P. 15, Quận 10, TP. HCM",3.1
Cơm Tấm Ngô Quyền - Làng Đại Học,"5A3 Đường Trục Chính Số 10, KP. 6, P. Linh Trung, Tp. Thủ Đức, TP. HCM",4.2
Chè Chuối Nướng - Phan Bội Châu,"10 Phan Bội Châu, P. Bến Thành, Quận 1, TP. HCM",4.6
BMao Hamburger & Hotdog - Mã Lò,"352 Mã Lò, P. Bình Trị Đông A, Quận Bình Tân, TP. HCM",3.5
Bún Đậu Hà Nội Phố - Hoa Lan,"79 Hoa Lan, P. 2, Quận Phú Nhuận, TP. HCM",3.5
Cây Bàng - Cơm Tấm Chả Cua,"164A Nguyễn Thị Nhỏ, Quận 11, TP. HCM",3.5
Cơm Tấm Chả Cua,"9 Khu A Lô 3C Nguyễn Thị Nhỏ, P. 15, Quận 11, TP. HCM",3.4
Nghiêm Vịt - Đặc Sản Vịt Nướng Hà Nội,"B10 Đường Số 15, P. Tân Kiểng, Quận 7, TP. HCM",4.3
Gà Ác Tiềm Thuốc Bắc - Lê Văn Lương,"291 Lê Văn Lương, Quận 7, TP. HCM",_._
Xôi Nhất Lục & Sốt Ngũ Vị -  Lê Văn Lương,"291 Lê Văn Lương, P. Tân Quy, Quận 7, TP. HCM",4.2
Phúc Long AEON Mall Bình Tân,"Tầng 1, Aeon Mall Bình Tân, 1 Đường Số 17A, P. Bình Trị Đông, Quận Bình Tân, TP. HCM",3.5
Xôi Ghẹ Cái Bang 1986 - Lê Văn Thọ,"241 Lê Văn Thọ, P. 11, Quận Gò Vấp, TP. HCM",5.0
Bò Mềm - Sữa Tươi Trân Châu Đường Đen - 2Bis Tân Mỹ,"6 Tân Mỹ, P. Tân Phú, Quận 7, TP. HCM",4.0
Bò Mềm - Sữa Tươi Trân Châu Đường Đen - Tân Mỹ,"Kiot Mặt Tiền Chợ Tân Mỹ, Tân Mỹ, Quận 7, TP. HCM",2.6
Sữa Tươi Trân Châu Đường Đen 732,"732 Sư Vạn Hạnh, Quận 10, TP. HCM",4.5
Bảo Trâm - Sữa Tươi Trân Châu Đường Đen,"300 Dương Bá Trạc, Quận 8, TP. HCM",3.6
Cơm Tấm Sườn Nướng ChuZu,"72 Rạch Bùng Binh, P. 9, Quận 3, TP. HCM",4.2
Domino’s Pizza - 324 Huỳnh Tấn Phát,"324 Huỳnh Tấn Phát, Quận 7, TP. HCM",4.0
Trà Sữa ToCoToCo - 164 Lâm Văn Bền,"164 Lâm Văn Bền, P. Tân Quy, Quận 7, TP. HCM",4.9
Beefsteak Nam Sơn - Nguyễn Thị Minh Khai,"200 Bis Nguyễn Thị Minh Khai, P. 6, Quận 3, TP. HCM",3.4
Gà Ta Phương Loan - Gà Đi Bộ,"24 Nguyễn Huy Tự, P. Đa Kao, Quận 1, TP. HCM",4.1
"Highlands Coffee - Trà, Cà Phê & Bánh - Botanica","104 Phổ Quang, P. 2, Quận Tân Bình, TP. HCM",3.0
Starbucks Coffee - Saigon Royal,"Lô TM 1.01, Tầng 1, Tháp Saigon Royal A, 34-35 Bến Vân Đồn, P. 12, Quận 4, TP. HCM",4.1
Trà Sữa O&B - Trà Sữa - Minh Phụng,"91 Minh Phụng P. 9, Quận 6, TP. HCM",0.5
Bún Thịt Nướng Hải Đăng - 149 Chấn Hưng (Không Chi Nhánh),"149 Chấn Hưng, P. 6, Quận Tân Bình, TP. HCM",3.3
Trà Sữa Mộc - Thanh Đa,"16 Thanh Đa, P. 27, Quận Bình Thạnh, TP. HCM",2.5
Quán Mạnh Hùng - Hủ Tiếu & Bò Kho,"421 Lê Văn Lương, Quận 7, TP. HCM",3.5
"777 - Hủ Tiếu, Bún Bò & Bún Riêu","23 Nguyễn Thị Thập, Quận 7, TP. HCM",4.2
"Xào Noodle - Hủ Tiếu, Phở Xào & Pad Thái","401 Trần Xuân Soạn, P. Tân Kiểng, Quận 7, TP. HCM",4.2
Mộc Miên - Hủ Tiếu Nam Vang,"205 Lâm Văn Bền, P. Bình Thuận, Quận 7, TP. HCM",4.2
Nguyễn Thanh - Hủ Tiếu Nam Vang,"79 Lâm Văn Bền, P. Tân Thuận Tây, Quận 7, TP. HCM",4.2
Nhà Hàng Lee Ho Ma Sài Gòn - Chuyên Món Hong Kong,"22B Nguyễn Thị Diệu, P. 6, Quận 3, TP. HCM",4.2
Hutong - Hotpot Paradise - Vạn Hạnh Mall,"Tầng 5 Vạn Hạnh Mall, 11 Sư Vạn Hạnh, P. 12, Quận 10, TP. HCM",4.2
Cơm Gà Hongkong - Lẩu & Dimsum,"92 Nam Kỳ Khởi Nghĩa, P. Bến Nghé, Quận 1, TP. HCM",3.5
Tàu Hủ Tornado - Bạch Đằng,"136/5 Trần Quang Diệu, P. 14, Quận 3, TP. HCM",3.3
Somchai Delivery - Đồ Ăn Thái,"Số 1 Đ. 36, P. An Phú, Tp. Thủ Đức, TP. HCM",2.6
Yamayuki - Kem Gelato Nhật Bản,"256 Phan Xích Long, P. 2, Quận Phú Nhuận, TP. HCM",3.5
Goofoo Gelato - Kem & Trà Sữa,"61 Hoàng Hoa Thám, P. 6, Quận Bình Thạnh, TP. HCM",4.6
Cơm Tấm Làng - Nguyễn Văn Tăng,"161A Nguyễn Văn Tăng, P. Long Thạnh Mỹ, Tp. Thủ Đức, TP. HCM",5.0
Sushi Cô Chủ Nhỏ - Thành Thái,"57 Đ. Thành Thái, P. 14, Quận 10, TP. HCM",3.2
Chuối Nếp Nướng - Võ Văn Tần,"Hẻm 378 Võ Văn Tần, Quận 3, TP. HCM",2.8
Bánh Mì Kaya Victory Cafe - Takashimaya,"Tầng B2 TTTM Takashimaya, 92 - 94 Nam Kỳ Khởi Nghĩa, P. Bến Nghé, Quận 1, TP. HCM",3.0
Rau Má Mix - Nước Ép & Trà Trái Cây - 20 Xuân Thủy,"20 Xuân Thủy, P. Thảo Điền, Tp. Thủ Đức, TP. HCM",3.6
Ngọc Sương - Sương Nguyệt Ánh,"106 Sương Nguyệt Ánh, P. Phạm Ngũ Lão, Quận 1, TP. HCM",3.5
Xôi Chiên Trần Hữu Trang - 72 Trần Hữu Trang,"72 Trần Hữu Trang, P.10, Quận Phú Nhuận, TP. HCM",4.0
Thai Express - Vincom Center,"Tầng B3 Vincom Center, 72 Lê Thánh Tôn, P. Bến Nghé, Quận 1, TP. HCM",3.6
Hue Delights 1 - Ẩm Thực Huế - Vincom Center,"Tầng B3 - Lô 19A, Vincom Center, 72 Lê Thánh Tôn, P. Bến Nghé, Quận 1, TP. HCM",2.9
Hue Delights 2 - Ẩm Thực Huế - Vincom Mega Mall Thảo Điền,"Tầng 5 - Lô 05&07, Vincom Mega Mall Thảo Điền, 161 Xa Lộ Hà Nội, P. Thảo Điền, Quận 2, TP. HCM",4.5
Dì Hai - Cháo Lòng & Lòng Xào Nghệ - Nguyễn Tư Giản,"87 Nguyễn Tư Giản, Quận Gò Vấp, TP. HCM",4.5
Nhà Hàng Ngon - Pasteur,"160 Pasteur, P. Bến Nghé, Quận 1, TP. HCM",3.4
Bánh Canh Cá Lóc - 62/1 Ngô Tất Tố,"62/1 Ngô Tất Tố , P. 19, Quận Bình Thạnh, TP. HCM",4.1
Highlands Coffee - Parkson Paragon,"3 Nguyễn Lương Bằng, P. Tân Phú, Quận 7, TP. HCM",3.8
Highlands Coffee - UnionSquare,"Tầng B3-36, UnionSquare, 171 Đồng Khởi, P. Bến Nghé, Quận 1, TP. HCM",3.6
Cơm Gà Xối Mỡ - Tuấn Tài,"37 Đề Thám, P. Cô Giang, Quận 1, TP. HCM",2.8
Gà rán và Mì Ý - Jollibee - Trần Hưng Đạo - HCM,"354 - 356 Trần Hưng Đạo, P. 2, Quận 5, TP. HCM",3.5
Pizza Hut - Vincom Maximark 3 Tháng 2,"Tầng 3, Vincom Maximark, 3 Đường 3 Tháng 2, Quận 10, TP. HCM",3.6
Pizza Hut - Pandora City,"Tầng 4 Pandora City, 1/1 Trường Chinh, P. Tây Thạnh, Quận Tân Phú, TP. HCM",3.6
Green Corner - Nguyễn Hữu Cảnh,"91 Nguyễn Hữu Cảnh, Quận Bình Thạnh, TP. HCM",3.7
Kim Loan - Cơm Trưa Văn Phòng - Shop Online,"120/64 Vũ Tùng, P. 2, Quận Bình Thạnh, TP. HCM",2.4
Tròn Cafe,"353 Nguyễn Trọng Tuyển, P. 1 , Quận Tân Bình, TP. HCM",3.6
Quán Chay 334 - Hủ Tíu & Cơm Chay - Nguyễn Thị Thập,"334 Nguyễn Thị Thập, Quận 7, TP. HCM",5.0
Quán Chay Hồng Phúc - Trần Xuân Soạn,"1041/62/33 Trần Xuân Soạn, P. Tân Hưng, Quận 7, TP. HCM",4.6
Ủn Ỉn - Bánh Mì & Xôi,"205A Nguyễn Hồng Đào, P. 14, Quận Tân Bình, TP. HCM",3.5
Chasing Tea & Coffee,"420 Trần Phú, P. 7, Quận 5, TP. HCM",4.1
Bún Bò Huế Cô Ân,"331/10 Nguyễn Thiện Thuật, P. 1, Quận 3, TP. HCM",3.4
Bánh Tráng Nướng Đà Lạt - Gò Vấp,"Đối Diện Trường THCS Tây Sơn, Quận Gò Vấp, TP. HCM",3.9
Cơm Gà Xối Mỡ Thanh,"214/1 Nguyễn Trãi, P. 3, Quận 5, TP. HCM",3.5
Thanh - Cơm Gà Xối Mỡ,"648/28 Cách Mạng Tháng 8, P. 11, Quận 3, TP. HCM",3.5
Trà Sữa Maycha - Hậu Giang,"70 Hậu Giang, P. 6, Quận 6, TP. HCM",3.6
Cơm Gà Hải Nam - Ngô Quyền,"107H Ngô Quyền, P. 11, Quận 5, TP. HCM",0.5
Cơm Gà Nha Trang,"109 Nguyễn Biểu, P. 1, Quận 5, TP. HCM",3.2
Cơm Gà Xối Mỡ - Quốc Hương,"55 Quốc Hương, P. Thảo Điền, Tp. Thủ Đức, TP. HCM",2.1
Hủ Tíu Gà Sài Gòn 2,"82 Dương Quang Đông, P. 5, Quận 8, TP. HCM",2.6
Bún Thịt Nướng Quán 339,"339/7 Tô Hiến Thành, P. 13, Quận 10, TP. HCM",3.8
Peperesto - Crescent Mall,"Tầng 5 Crescent Mall, 101 Tôn Dật Tiên, P. Tân Phú, Quận 7, TP. HCM",1.1
Bánh Mì Phá Lấu & Xá Xíu,"40 Vĩnh Viễn, Quận 10, TP. HCM",4.3
Phá Lấu Bò - Nguyễn Thị Minh Khai,"Nguyễn Thị Minh Khai, P. Bến Thành, Quận 1, TP. HCM",3.0
Bột Chiên Chị Tuyền,"146 Đường Số 37, P. Tân Quy, Quận 7, TP. HCM",4.2
Phở Hiền - Trần Quang Khải,"68/9A Trần Quang Khải, P. Tân Định, Quận 1, TP. HCM",3.2
"Highlands Coffee - Trà, Cà Phê & Bánh - Bàu Cát","1-3-5 Bàu Cát, P. 14, Quận Tân Bình, TP. HCM",3.8
Phượng 22F - Bún Riêu & Canh Bún,"22F Nguyễn Thị Tần, P. 2, Quận 8, TP. HCM",1.9
Ẩm Thực Bà Ba Khéo,"57 Châu Văn Liêm, P. 14, Quận 5, TP. HCM",2.7
Viên Dung - Lẩu Nấm Chay,"14 Đặng Văn Bi, P. Trường Thọ, Tp. Thủ Đức, TP. HCM",3.0
Steakzone - Mỳ Ý & Beefsteak - Bình Thới,"579 Bình Thới, P. 10, Quận 11, TP. HCM",4.8
Nam Lợi Quán - Hủ Tiếu Mì Cá,"43 Tôn Thất Đạm, P. Nguyễn Thái Bình, Quận 1, TP. HCM",2.4
Cường - Hủ Tiếu Dê,"46 Hàn Hải Nguyên, P. 16, Quận 11, TP. HCM",4.3
Nem Nướng D'ran Since 1968 - Healthy & Fresh - Rạch Bùng Binh,"112/7 Rạch Bùng Binh, P. 9, Quận 3, TP. HCM",4.8
Shashan - Bún Nem Nướng & Cơm Tấm - Hoàng Hoa Thám,"211/45 Hoàng Hoa Thám, P. 5, Quận Phú Nhuận, TP. HCM",3.1
Súp Cua - Chung Cư Thạnh Mỹ Lợi,"Lô B5 Chung Cư Thạnh Mỹ Lợi Trương Gia Mô, P. Thạnh Mỹ Lợi, Tp. Thủ Đức, TP. HCM",4.2
Xí Ngầu Quán - Lẩu & Hải Sản Nướng,"126 Vĩnh Khánh, P. 10, Quận 4, TP. HCM",4.0
Ốc Hẻm - An Dương Vương,"76 An Dương Vương, Quận 5, TP. HCM",3.2
Ăn Vặt & Gỏi Xoài Kiểu Thái,"16 Đường Số 10B, P. 6, Quận 4, TP. HCM",4.5
Bánh Canh Cua 533,"533 Cách Mạng Tháng 8, P. 15, Quận 10, TP. HCM",1.5
KOI Thé - 119 Phan Xích Long,"119 - 121 Phan Xích Long, P. 2, Quận Phú Nhuận, TP. HCM",3.5
Bánh Canh Ghẹ - Cầu Bông,"2 Lê Văn Duyệt, P. 1, Quận Bình Thạnh, TP. HCM",3.0
Hòn Đảo Quán - Hải Sản Tươi Sống,"48/1 Lam Sơn, P. 2, Quận Tân Bình, TP. HCM",2.7
Ốc Biển - Nguyễn Bặc,"37 Nguyễn Bặc, P. 3, Quận Tân Bình, TP. HCM",3.0
Cá Viên Chiên Anh Chị Em - Ăn Vặt,"498 Hoà Hảo, P. 5, Quận 10, TP. HCM",3.4
Sushi Hokkaido Sachi 北海道サチ - Phan Xích Long,"163 Phan Xích Long, P. 2, Quận Phú Nhuận, TP. HCM",4.0
Bánh Canh Cá Lóc Huế,"198 Phan Xích Long, P. 7, Quận Phú Nhuận, TP. HCM",4.5
Hớn Hưng - Hủ Tiếu Bò Viên,"488 Ngô Gia Tự, P. 4, Quận 10, TP. HCM",3.2
"Highlands Coffee - Trà, Cà Phê & Bánh - Trường Sơn D10","G4 - G8 Trường Sơn, P. 15, Quận 10, TP. HCM",3.5
Bún Chả Hà Nội - Cao Triều Phát,"34 Cao Triều Phát, Quận 7, TP. HCM",2.1
Trí Hải - Các Món Mắm,"219E Nơ Trang Long, P. 11, Quận Bình Thạnh, TP. HCM",3.5
Bún Bò Cô Liễu,"108/12 Trần Quang Diệu, P. 14, Quận 3, TP. HCM",3.9
Đức Anh - Đặc Sản Dê,"794 Âu Cơ, P. 14, Quận Tân Bình, TP. HCM",3.4
Cháo Trắng - Cháo Thịt Bằm BK House - Phạm Viết Chánh,"112B Phạm Viết Chánh, P. Nguyễn Cư Trinh, Quận 1, TP. HCM",2.6
A Bảy - Bún Bò & Lẩu Bò,"280 Nguyễn Văn Tăng, P. Long Thạnh Mỹ, Tp. Thủ Đức, TP. HCM",4.8
Cơm Tấm Phúc Lộc Thọ - Nguyễn Thị Thập,"223 Nguyễn Thị Thập, P. Tân Phú, Quận 7, TP. HCM",3.6
Tường Vy - Bún Chả & Bún Đậu,"Đồng Nai, P. 15, Quận 10, TP. HCM",2.8
Cơm Tấm Nhớ - Nguyễn Thị Thập,"609 Nguyễn Thị Thập, P. Tân Hưng, Quận 7, TP. HCM",2.8
Cơm Tấm & Cơm Văn Phòng 442 - Thống Nhất,"442 Thống Nhất, P. 16, Quận Gò Vấp, TP. HCM",1.4
Lươn Xứ Nghệ - Cây Trâm,"229 Cây Trâm, Quận Gò Vấp, TP. HCM",4.5
Cơm Gà Chiên Nước Mắm - Đường Số 11,"107/50 Đường Số 11, P. 11, Quận Gò Vấp, TP. HCM",2.5
Bánh Cuốn Hải Nam - Cao Thắng,"11A Cao Thắng, P. 2, Quận 3, TP. HCM",2.5
Góc Huế - Chuyên Món Huế,"41 Kỳ Đồng, P. 9, Quận 3, TP. HCM",4.2
Bún Huế - Bún Chả Cua Giò Heo,"62 Đường 815 Tạ Quang Bửu, P. 5, Quận 8, TP. HCM",2.0
Phở Bắc Hải Gia Truyền - Thành Thái,"7B/27/7 Thành Thái, P. 14, Quận 10, TP. HCM",3.6
Phở Hồng,"252 Bùi Đình Túy, P. 24, Quận Bình Thạnh, TP. HCM",4.0
FoodFest - Lobster Bay - Nhà Hàng Hải Sản Kiểu Mỹ - Nguyễn Tri Phương - NowFood x Coca,"484 Nguyễn Tri Phương, P. 9, Quận 10, TP. HCM",4.2
Hủ Tiếu Gà 95 - Lò Siêu,"95 Lò Siêu, P. 16, Quận 11, TP. HCM",4.5
"Mai Xuân Cảnh - Miến Phở Gà, Phố Nướng","57 Nguyễn Du, P. Bến Thành, Quận 1, TP. HCM",2.2
Sài Gòn Givral Bakery - Thành Thái,"97 Thành Thái, P. 14, Quận 10, TP. HCM",3.5
Ăn Vặt - Há Cảo Hong Kong - Vạn Kiếp,"159 Vạn Kiếp, P. 3, Quận Bình Thạnh, TP. HCM",3.8
Há Cảo Ăn Là Ghiền - Vạn Kiếp,"159 Vạn Kiếp, Quận Bình Thạnh, TP. HCM",3.5
Pizza Hut - Trương Định,"61 Trương Định, Quận 3, TP. HCM",3.5
Chim Cút & Cá Viên,"106 Trần Quang Diệu, Quận 3, TP. HCM",4.7
Bánh Canh Cua - Nguyễn Công Trứ,"25 Đường Nguyễn Công Trứ, P. Nguyễn Thái Bình, Quận 1, TP. HCM",3.7
Tường Phát - Hủ Tiếu Nam Vang - Đường Số 7,"31 Đường Số 7, P. An Lạc, Quận Bình Tân, TP. HCM",3.8
Bún Bò Hoa Lâm - Nguyễn Gia Trí,"69/54 Nguyễn Gia Trí (Đường D2), P. 25, Quận Bình Thạnh, TP. HCM",3.1
Lẩu Bò Nhà Gỗ - Lý Thái Tổ,"162 Lý Thái Tổ, P. 1, Quận 3, TP. HCM",2.6
San Fu Lou - Ẩm Thực Quảng Đông - Lê Lai,"Tầng Trệt, AB Tower, 76A Lê Lai, P. Bến Thành, Quận 1, TP. HCM",3.9
Gia Chánh Quán - Quốc Lộ 22,"268 Quốc Lộ 22, Huyện Củ Chi, TP. HCM",4.1
The Pizza Company - Quang Trung Gò Vấp,"638 Quang Trung, P. 11, Quận Gò Vấp, TP. HCM",3.8
Bún Đậu Homemade - Hồng Hà,"6 Hồng Hà, P. 2, Quận Tân Bình, TP. HCM",3.4
Bánh Mì Xíu Mại Đà Lạt Dì Liên - Đường Số 13,"5 Đường Số 13, P. 4, Quận 8, TP. HCM",4.2
Lẩu Dê 404,"95A Gò Dầu, Quận Tân Phú, TP. HCM",1.3
Dìn Ký - Bột Chiên & Hủ Tiếu Xào,"200 Tôn Thất Hiệp , Quận 11, TP. HCM",3.7
Cơm Tấm Cali - Nguyễn Chí Thanh,"125 Nguyễn Chí Thanh, P. 9, Quận 5, TP. HCM",3.5
Mì Quảng Bà Tám,"31/4G Nguyễn Ảnh Thủ, P. Hiệp Thành, Quận 12, TP. HCM",3.8
Ô Kê Quán - Lẩu Gà Lá É Gốc Phú Yên,"164 Nguyễn Văn Lượng, P. 17, Quận Gò Vấp, TP. HCM",4.2
Ngọc Hà - Bún Đậu Mắm Tôm - Lê Quang Định,"255 Lê Quang Định, P. 7, Quận Bình Thạnh, TP. HCM",3.8
Nam Giao - Món Huế - Lê Thánh Tôn,"136/15 Lê Thánh Tôn, Quận 1, TP. HCM",3.2
Phá Lấu Bò - Võ Văn Kiệt,"834 Võ Văn Kiệt, P. 5, Quận 5, TP. HCM",4.7
"Highlands Coffee - Trà, Cà Phê & Bánh - 506 Trường Chinh","506 Trường Chinh, P. 13, Quận Tân Bình, TP. HCM",3.1
Bún Mắm Lan Anh,"417 - 419 Tỉnh Lộ 10, Quận Bình Tân, TP. HCM",3.8
8 Rèm - Bánh Mì Bình Định - Phan Văn Trị,"633 Phan Văn Trị, P. 7, Quận Gò Vấp, TP. HCM",2.1
Ăn Vặt W Food - Bùi Hữu Nghĩa,"295/22D Bùi Hữu Nghĩa, P. 1, Quận Bình Thạnh, TP. HCM",5.0
Chè Bưởi Homemade,"184/14 Bùi Tư Toàn, P. An Lạc, Quận Bình Tân, TP. HCM",3.4
Vina Chuối - Huỳnh Thúc Kháng,"25 Huỳnh Thúc Kháng, P. Bến Nghé, Quận 1, TP. HCM",3.6
Cơm Ba Ghiên - Nguyễn Văn Trỗi,"146/3 Nguyễn Văn Trỗi, P. 8, Quận Phú Nhuận, TP. HCM",3.8
Bún Bò Cay Bạc Liêu,"1 Ký Hòa, Quận 5, TP. HCM",3.0
Bánh Ướt Minh Châu,"400 Lê Văn Sỹ, Quận 3, TP. HCM",1.8
D'Maris - Buffet Cao Cấp - Pico Lotte,"Tầng 5 Pico Plaza, 20 Cộng Hòa, P. 12, Quận Tân Bình, TP. HCM",3.5
Sushi Masa - Lê Văn Sỹ,"78 Lê Văn Sỹ, P. 11, Quận Phú Nhuận, TP. HCM",3.9
Bạch Tuộc Nướng Xe Lửa,"Hoàng Sa, Quận 3, TP. HCM",4.0
Bò Né 3 Ngon 118 - Bò Bít Tết & Bò Kho,"118 Đường Số 23, P. 11, Quận 6, TP. HCM",2.6
Đức Phát Bakery - Cao Thắng,"71 Cao Thắng, P. 3, Quận 3, TP. HCM",3.0
Đức Phát Bakery - Hậu Giang,"92A Hậu Giang, P. 6, Quận 6, TP. HCM",3.3
Deli Food A Sìn - Bánh Tráng Trộn Ăn Vặt - Lê Đức Thọ,"730/7/5 Lê Đức Thọ, P. 15, Quận Gò Vấp, TP. HCM",3.3
Cánh Đồng Hoang - Gà Ta Bình Định,"Hẻm 730 Lê Đức Thọ, P. 15, Quận Gò Vấp, TP. HCM",3.8
Cô Châu - Bún Bò Huế - Đường 3 Tháng 2,"436B/70/11 Đường 3 Tháng 2, P. 10, Quận 10, TP. HCM",3.6
Cơm & Bánh Mì Sài Gòn - Cao Thắng,"456/30A Cao Thắng, P. 12, Quận 10, TP. HCM",5.0
Ốc Vân - Chợ Bến Thành,"23 Nguyễn An Ninh, P. Bến Thành, Quận 1, TP. HCM",2.9
Hồng Trà Ngô Gia - 624 Lê Đức Thọ,"624 Đường Lê Đức Thọ, P. 15, Quận Gò Vấp, TP. HCM",2.4
Ngon Ngon Quá - Bánh Ngọt & Ăn Vặt,"72/31 Phan Đăng Lưu, P. 5, Quận Phú Nhuận, TP. HCM",3.4
Súp Cua Hạnh - Lê Đức Thọ,"Lê Đức Thọ, Quận Gò Vấp, TP. HCM",4.0
"Bột Chiên, Súp Cua & Bún Bò Huế","79 Lê Văn Thọ, P. 8, Quận Gò Vấp, TP. HCM",5.0
Bún Thịt Nướng Cô Huệ - Chợ Thái Bình,"Kiot Mặt Tiền Chợ Thái Bình, Quận 1, TP. HCM",3.5
Súp Cua Hạnh - Hoàng Hoa Thám,"118A Hoàng Hoa Thám, P.12, Quận Tân Bình, TP. HCM",3.4
Súp Cua Hạnh - Thống Nhất,"208 Thống Nhất, Quận Gò Vấp, TP. HCM",3.0
Súp Cua Hạnh - Nguyễn Thái Sơn,"12 Nguyễn Thái Sơn, P. 3, Quận Gò Vấp, TP. HCM",3.3
Gong Cha - Trà & Cà Phê - Thủ Đức,"101 Dân Chủ, P. Bình Thọ, Tp. Thủ Đức, TP. HCM",3.2
Hiền Ký 3 - Quán Ăn Bình Dân,"1003 Kha Vạn Cân, Tp. Thủ Đức, TP. HCM",3.0
Gà Nướng Phi Long - Nguyễn Biểu,"249 Nguyễn Biểu, P. 2, Quận 5, TP. HCM",3.2
Gangnam Tanghulu - Phạm Văn Đồng,"Tầng 4 Giga Mall Thủ Đức - 242 Phạm Văn Đồng, Tp. Thủ Đức, TP. HCM",4.7
Trần Quang Ký - Vịt Quay Sốt Tiêu Đen - Âu Cơ,"55 Âu Cơ, P. 14, Quận 11, TP. HCM",3.6
CƠM GÀ TAM KỲ QUỐC ÂN - ĐÀO DUY TỪ,"65 Đào Duy Từ, P. 5, Quận 10, TP. HCM",1.3
Sủi Cảo Đức Phát - Hà Tôn Quyền,"176 Hà Tôn Quyền , Quận 11, TP. HCM",3.8
Xuân Mai - Phở & Lẩu Bò,"251D Hậu Giang, P. 5, Quận 6, TP. HCM",4.3
Bánh Canh Cua Ngọc Trinh - Trần Xuân Soạn,"867 Trần Xuân Soạn, P. Tân Hưng, Quận 7, TP. HCM",3.6
Sepia - Nhà Hàng Hải Sản,"1 Khổng Tử, P. Bình Thọ, Tp. Thủ Đức, TP. HCM",4.0
Cơm Niêu Trung Sơn,"285 - 287 Đường Số 9A, KDC Trung Sơn, X. Bình Hưng, Huyện Bình Chánh, TP. HCM",3.6
Chè Đậu 3 Màu - Nguyễn Văn Giai,"16E Nguyễn Văn Giai, P. Đa Kao, Quận 1, TP. HCM",3.6
Bánh Mì Chim Chạy - Nguyễn Thị Minh Khai,"147D Nguyễn Thị Minh Khai, P. Phạm Ngũ Lão, Quận 1, TP. HCM",3.4
Cháo Lòng Bò - Trần Quý,"184 Trần Quý, P. 6 , Quận 11, TP. HCM",4.3
Mì Quảng Đông Nguyên,"147A Đồng Đen, P. 14, Quận Tân Bình, TP. HCM",3.9
Quán Trường Phát - Hủ Tiếu Nam Vang,"96 Trương Công Định, P. 14, Quận Tân Bình, TP. HCM",3.4
Gỏi Cuốn 3K - Vạn Kiếp,"159 Vạn Kiếp, Quận Bình Thạnh, TP. HCM",3.4
Cơm Gà Xối Mỡ 58,"Quốc Lộ 13 Cũ, Tp. Thủ Đức, TP. HCM",3.8
Huê Ký Mì Gia - Thuận Kiều,"59C Thuận Kiều, P. 12, Quận 5, TP. HCM",3.2
Bún Bò Hoa Lâm - Lê Quang Định,"447 Lê Quang Định, P. 5, Quận Bình Thạnh, TP. HCM",3.4
Lộc Phát - Hủ Tiếu Nam Vang - Đình Phong Phú,"10 Đình Phong Phú, P. Tăng Nhơn Phú B, Tp. Thủ Đức, TP. HCM",4.2
Thủy Tiên - Bún Mắm & Bún Riêu,"Sạp 349, Chợ Tân Mỹ, Tân Mỹ, P. Tân Phú, Quận 7, TP. HCM",4.3
Cô Tuyến - Bún Riêu & Bò Kho,"Hẻm 242/5 Tôn Đản, P. 8, Quận 4, TP. HCM",4.0
Bún Riêu Cua Ốc Hà Nội - Nguyễn Duy Trinh,"239 Nguyễn Duy Trinh, P. Bình Trưng Tây, Tp. Thủ Đức, TP. HCM",4.6
Hủ Tiếu Cá Tài Ký,"185A Tân Sơn Nhì, P. Tân Sơn Nhì, Quận Tân Phú, TP. HCM",3.3
"Quán 146 - Hủ Tiếu, Bánh Canh & Phở Bò","146 Lê Thánh Tôn, P. Bến Nghé, Quận 1, TP. HCM",3.5
Bảo Bình - Lẩu Thái & Đồ Nướng,"33 Học Lạc, P. 14, Quận 5, TP. HCM",4.8
"Na & ỔI - Chè, Sâm Bổ Lượng & Trà Sữa","26 Tân Quý, P. Tân Quý, Quận Tân Phú, TP. HCM",3.5
Hải Xỉn - Hủ Tiếu Nam Vang,"Hẻm Chợ 200 Xóm Chiếu, P. 15, Quận 4, TP. HCM",3.8
Cháo Trắng - Dạ Nam,"32 Dạ Nam, Quận 8, TP. HCM",3.9
"Mì Xào Giòn, Miến Cua & Nui Xào Bò","Hẻm 30 Lê Quang Định, P. 14, Quận Bình Thạnh, TP. HCM",2.8
Gà Rán & Burger Lotteria - Lottemart Nguyễn Hữu Thọ,"Tầng Trệt, Lotte Mart Nam Sài Gòn, 469 Nguyễn Hữu Thọ, P. Tân Hưng, Quận 7, TP. HCM",3.1
Quán 10E - Hòa Bình,"Hẻm 341/10E Hòa Bình, P. 5, Quận 11, TP. HCM",4.5
Kobe Teppanyaki - Nhà Hàng Nhật,"13A Tú Xương, P. 7, Quận 3, TP. HCM",3.6
Bún Đậu Cuốn Miền Tây,"830 -  10A2 Sư Vạn Hạnh Nối Dài, P. 12, Quận 10, TP. HCM",3.5
"Highlands Coffee - Trà, Cà Phê & Bánh - Phan Huy Ích","399 Phan Huy Ích, P. 14, Quận Gò Vấp, TP. HCM",3.8
Cháo Thập Cẩm 26 - Cháo Triều Châu - Tân Hoà Đông,"26 Tân Hòa Đông, P. 14, Quận 6, TP. HCM",4.5
Phá Lấu Nga - Tôn Đản,"243/37A Tôn Đản, P. 15, Quận 4, TP. HCM",3.0
The Alley - Trà Sữa Đài Loan - Cộng Hòa,"97 - 99 Cộng Hòa, Quận Tân Bình, TP. HCM",3.6
The Pizza Company - Hậu Giang,"167 Hậu Giang, P. 5, Quận 6, TP. HCM",3.5
Pizza Hut - Hậu Giang,"164B Hậu Giang, Quận 6, TP. HCM",3.1
Bún Mắm Cô Ba - Hòa Bình,"264 Hòa Bình, P. Hiệp Tân, Quận Tân Phú, TP. HCM",3.4
Quán Ăn Hoàng Oai,"168/82 Lê Thị Bạch Cát, Quận 11, TP. HCM",4.0
Cơm Tấm Sao Mai,"852 Trường Sa, P. 14, Quận 3, TP. HCM",3.5
Quán Cô Ly - Chè Chuối Nướng,"242/2 Nguyễn Thiện Thuật, P. 3, Quận 3, TP. HCM",4.1
Chè Thái Ý Phương - Quang Trung,"663 Quang Trung, Quận Gò Vấp, TP. HCM",2.6
Gà Rán & Burger Lotteria - HTV,"11Bis Nguyễn Thị Minh Khai, P. Bến Nghé, Quận 1, TP. HCM",3.2
Huyền Trang - Bánh Tráng Trộn,"12 Đinh Tiên Hoàng, P. Bến Nghé, Quận 1, TP. HCM",3.0
Café Dorsia - Đinh Tiên Hoàng,"28 Đinh Tiên Hoàng, P. Đa Kao, Quận 1, TP. HCM",5.0
Gà Rán KFC - Central Plaza,"C6/27 Phạm Hùng, Xã Bình Hưng, Huyện Bình Chánh, TP. HCM",3.5
DuDu Tea Food - Trà Sữa & Mì Cay,"441/72 Điện Biên Phủ, P. 25, Quận Bình Thạnh, TP. HCM",5.0
Lẩu Dê Huynh Đệ,"12 Chế Lan Viên, Quận Tân Phú, TP. HCM",1.1
Cháo Sườn Bé Hiền - Súp Cua & Bún Bò,"201/83 Nguyễn Xí, P. 26, Quận Bình Thạnh, TP. HCM",4.0
Tiến Phát - Điểm Tâm Hồng Kông,"18 Ký Hòa, P. 11, Quận 5, TP. HCM",3.6
Mì Chú Tắc - Bà Huyện Thanh Quan,"22 Bà Huyện Thanh Quan, P. 6, Quận 3, TP. HCM",3.0
Fruit Crush - Trái Cây Tươi & Ăn Vặt - Quận 1,"5/64B Nguyễn Trung Nhạn, P. Bến Nghé, Quận 1, TP. HCM",4.0
Phở Hà Nội - Gia Truyền Chính Gốc,"32 Phan Đình Giót, P. 2, Quận Tân Bình, TP. HCM",2.9
Tàu Hũ Đá - Lê Thánh Tôn,"251 Lê Thánh Tôn, P. Bến Thành, Quận 1, TP. HCM",3.8
Cô Thủy - Quán Ăn Vặt - Lê Thúc Hoạch,"57 Lê Thúc Hoạch, P. Phú Thọ Hòa, Quận Tân Phú, TP. HCM",2.5
Smoothie Bistro - Xuân Thủy,"94 Xuân Thủy, P. Thảo Điền, Tp. Thủ Đức, TP. HCM",4.3
Quán Cháo Vịt Bảy Khương,"606/6 Đường 3 Tháng 2, P. 14, Quận 10, TP. HCM",3.7
Quán Phương Ký - Cơm Chiên & Mì Xào,"60B Đường Số 2, P. Trường Thọ, Tp. Thủ Đức, TP. HCM",4.1
Kim Ngọc - Bánh Tráng Mỡ Hành & Trà Tắc - Shop Online,"575/1 Tỉnh lộ 10, P. Bình Trị Đông, Quận Bình Tân, TP. HCM",4.1
Súp Cua Nhà Thờ Đức Bà,"16/20 Lê Quý Đôn, P. 12, Quận Phú Nhuận, TP. HCM",3.4
Phở 24 - Nguyễn Tri Phương,"319 Nguyễn Tri Phương, P. 5, Quận 10, TP. HCM",3.2
Hải Sản Vietcrab - Tân Kỳ Tân Quý,"148 Tân Kỳ Tân Quý, P. Sơn Kỳ, Quận Tân Phú, TP. HCM",0.5
PHỞ 188A - Lẩu Đuôi Bò - Nguyễn Văn Đậu,"196 Nguyễn Văn Đậu, P. 7, Quận Bình Thạnh, TP. HCM",3.5
Bánh Gạo Hàn Quốc Saeneul,"72 (S35-1) Phạm Văn Nghị, Khu Phố Sky Garden 1, P. Tân Phong, Quận 7, TP. HCM",3.9
Hải Sản Quý Thành,"293 Nguyễn Tri Phương, P.5, Quận 10, TP. HCM",3.5
"Cơm Gà, Cháo, Miến Gỏi Gà Ta Tường Vy - Lữ Gia","32 Lữ Gia, P. 15, Quận 11, TP. HCM",4.3
Bún Riêu & Canh Bún 30 - Đường Số 3,"13 Đường Số 3, P. Tân Phú, Quận 7, TP. HCM",3.9
Cô Chi - Canh Bún,"314 Phạm Văn Hai , Quận Tân Bình, TP. HCM",3.7
Salmol_2 Mập - Shashimi - Tăng Bạt Hổ,"36/2/4 Tăng Bạt Hổ, P. 11, Quận Bình Thạnh, TP. HCM",5.0
Starbucks Coffee - Etown 5,"G2A, Etown 5, 364 Cộng Hòa, P. 13, Quận Tân Bình, TP. HCM",3.0
Hanuri - Quán Ăn Hàn Quốc - Nguyễn Đình Chiểu,"284A Nguyễn Đình Chiểu, P. 6, Quận 3, TP. HCM",3.6
Nem Nướng Nha Trang - Út Mười - Cao Thắng,"113 Cao Thắng, P. 10, Quận 10, TP. HCM",2.1
Cơm Tấm Bình Dân - Trần Quang Diệu,"136 Trần Quang Diệu, Quận 3, TP. HCM",3.5
Lợi Ký - Hủ Tiếu Mì & Hoành Thánh,"150 Ngô Gia Tự, Quận 10, TP. HCM",3.1
Phở Ngọc - Hẻm 30 Hồ Hảo Hớn,"Hẻm 30 Hồ Hảo Hớn, P. Cầu Kho, Quận 1, TP. HCM",3.3
Ốc Tô - Xóm Chiếu,"224B Xóm Chiếu, P. 15, Quận 4, TP. HCM",3.3
Ốc Xe Đẩy - Tôn Đản,"248 Tôn Đản, P. 15, Quận 4, TP. HCM",3.9
Quán Ốc Pồ,"158/31 Đoàn Văn Bơ, P. 9, Quận 4, TP. HCM",4.0
Quán Ốc Nhảy - Lẩu Gà Lá Quế,"178 Đường Số 1, P. Tân Phú, Quận 7, TP. HCM",4.0
Ốc Phương - Đường Số 37,"81 Đường Số 37, P. Tân Quy, Quận 7, TP. HCM",3.9
Quán Ốc 558,"558 Huỳnh Tấn Phát, Quận 7, TP. HCM",3.6
Bún Đậu 3 Chị Em - Tên Lửa,"425 Tên Lửa , P. Bình Trị Đông B, Quận Bình Tân, TP. HCM",4.9
Bún Đậu 3 Chị Em - Lê Văn Quới,"291 Lê Văn Quới, P. Bình Trị Đông, Quận Bình Tân, TP. HCM",3.0
"3 Râu - Gà Rán, Pizza & Trà Sữa - Cây Trâm","329 Nguyễn Văn Khối (Cây Trâm), P. 8, Quận Gò Vấp, TP. HCM",4.0
Gà rán và Mì Ý - Jollibee - Pasteur,"194D Pasteur,  P. 6, Quận 3, TP. HCM",3.4
Cô Phượng - Bánh Bá Trạng,"56C/67 Lạc Long Quân, P. 3, Quận 11, TP. HCM",3.6
Cơm Tấm Hòa,"415 Hậu Giang, P. 11, Quận 6, TP. HCM",4.0
Buzza Pizza - Nowzone,"Tầng 4 Nowzone, 235 Nguyễn Văn Cừ, P. Nguyễn Cư Trinh, Quận 1, TP. HCM",3.6
Súp Cua & Gỏi Cuốn Bà Ngoại - Lý Thái Tổ,"189/17 Lý Thái Tổ, P. 9, Quận 10, TP. HCM",0.5
Ẩm Thực Chay Huệ Phát,"330 Lãnh Binh Thăng, Quận 11, TP. HCM",3.6
TOUS les JOURS - Nguyễn Thị Minh Khai,"187 Nguyễn Thị Minh Khai, P. Phạm Ngũ Lão, Quận 1, TP. HCM",3.4
Pizza 4P'S - Nguyễn Văn Linh,"Lô MD2, Đại Lộ Nguyễn Văn Linh, P. Tân Phú, Quận 7, TP. HCM",3.0
Lẩu Ếch Cô Tư,"Hẻm 27, Đường 12, KP 4, P. Tam Bình, Tp. Thủ Đức, TP. HCM",3.7
Điểm Tâm 288 - Bún Thịt Xào & Cháo Bắc Thảo,"288 Đỗ Ngọc Thạnh, P. 4, Quận 11, TP. HCM",3.3
Phở Trinh - Thảo Điền,"44 Nguyễn Đăng Giai, P. Thảo Điền, Tp. Thủ Đức, TP. HCM",3.9
Bánh Mì Bì - Mai Thị Lựu,"62 Mai Thị Lựu, P. Đa Kao, Quận 1, TP. HCM",4.1
Quán Chay Hoa Sen -  Nguyễn Nhữ Lãm,"47 Nguyễn Nhữ Lãm, P. Phú Thọ Hoà, Quận Tân Phú, TP. HCM",3.6
Cháo Ếch Tân Định - Hai Bà Trưng,"336 Hai Bà Trưng, P. Tân Định, Quận 1, TP. HCM",0.5
Nhà Hàng Chay Đóa Sen Vàng - Trần Hưng Đạo,"5 Trần Hưng Đạo, P. Tân Thành, Quận Tân Phú, TP. HCM",2.5
Chả Cá Lã Vọng - Hoa Phượng,"106 Hoa Phượng, Quận Phú Nhuận, TP. HCM",2.5
Nem Nướng Nha Trang Bé Thảo,"1237/31 Hoàng Sa, P. 5, Quận Tân Bình, TP. HCM",3.6
Ốc Công Đoàn,"44 Đường Số 12, Tp. Thủ Đức, TP. HCM",3.8
BÁNH GIÒ NHÀ NỞ - NGUYỄN VĂN LINH,"836 Nguyễn Văn Linh, P. Tân Phú, Quận 7, TP. HCM",4.8
Bánh Bao - Bánh Giò - Võ Văn Tần,"283 Võ Văn Tần, P. 5, Quận 3, TP. HCM",4.7
Quán Mì Vỉa Hè 108 - Calmette,"108/1Bis Calmette, P. Nguyễn Thái Bình, Quận 1, TP. HCM",3.5
Texas Chicken - Nguyễn Thái Học,"115 Nguyễn Thái Học , Quận 1, TP. HCM",3.5
Bánh Mì Bánh Giò,"Gần 244 Cống Quỳnh, Quận 1, TP. HCM",3.1
Ốc Phát Quán,"237/42/46 Vĩnh Khánh, P.8 , Quận 4, TP. HCM",3.5
Mì Trộn Tên Lửa - 462 Trần Hưng Đạo,"462 Trần Hưng Đạo, P. 2, Quận 5, TP. HCM",2.2
Domino’s Pizza - Hòa Bình,"48 Hòa Bình, P. 5, Quận 11, TP. HCM",3.8
Cơm Gà Xối Mỡ Su Su,"117/1D Cống Quỳnh, P. Nguyễn Cư Trinh, Quận 1, TP. HCM",3.0
Bích Tuyền - Quán Bún Mắm,"63 Đặng Văn Bi, P. Bình Thọ, Tp. Thủ Đức, TP. HCM",2.0
SOI THÁI - Cống Quỳnh,"144 Cống Quỳnh, P. Phạm Ngũ Lão, Quận 1, TP. HCM",3.4
Bún Bò Vị Huế,"19 Nguyễn Ảnh Thủ, Xã Bà Điểm, Huyện Hóc Môn, TP. HCM",3.8
Gà Rán KFC - Co.op Mart Nguyễn Ảnh Thủ,"167/2 Nguyễn Ảnh Thủ, P. Trung Mỹ Tây, Quận 12, TP. HCM",3.5
Góc Ăn Vặt - Nguyễn Ảnh Thủ,"22 Nguyễn Ảnh Thủ, Xã Bà Điểm, Huyện Hóc Môn, TP. HCM",4.0
Bún Giò Đà Lạt - Bún Mọc & Bún Giò Heo,"45/2b Ấp Mỹ Hoà 1, X. Trung Chánh, Huyện Hóc Môn, TP. HCM",4.8
M.Bar - Majestic Hotel,"Tầng 8, 1 Đồng Khởi, P. Bến Nghé, Quận 1, TP. HCM",4.0
Cyclo Cafe - Majestic Hotel,"1 Đồng Khởi, P. Bến Nghé, Quận 1, TP. HCM",4.2
Cháo Sườn Chú Chen - Nguyễn Trãi,"281 - 283 Nguyễn Trãi, P. Nguyễn Cư Trinh, Quận 1, TP. HCM",3.5
Gia Khang - Giò Heo Muối Kim Chi & Heo Giả Cầy - 464 Nguyễn Thái Sơn,"464 Nguyễn Thái Sơn, P. 5, Quận Gò Vấp, TP. HCM",4.2
"Highlands Coffee - Trà, Cà Phê & Bánh - Flora Thủ Đức","Tòa nhà Flora Novia, Phạm Văn Đồng, P. Linh Tây, Tp. Thủ Đức, TP. HCM",4.0
Aloha Biscotti - Phú Thọ Hoà,"156/74 Phú Thọ Hòa, P. Phú Thọ Hòa, Quận Tân Phú, TP. HCM",4.8
Cơm Gà Ngọc Anh,"Chợ Hòa Hưng, Cách Mạng Tháng 8, Quận Tân Bình, TP. HCM",3.0
FA - Bánh Tráng Trứng Muối Mỡ Hành,"55 Nguyễn Phúc Chu, Quận Tân Bình, TP. HCM",3.8
Tini Tea - Đường Số 42,"129 Đường Số 42, P. Bình Trưng Đông, Tp. Thủ Đức, TP. HCM",3.8
Sinh Tố 142 - Lý Chính Thắng,"142 Lý Chính Thắng, P. 7, Quận 3, TP. HCM",3.5
Trà Tiên Hưởng - Hậu Giang,"283A Hậu Giang , Quận 6, TP. HCM",2.9
Trà Sữa Tiên Hưởng Cotcha - Tản Đà,"60A Tản Đà, P. 11, Quận 5, TP. HCM",3.0
Huyền - Bún Nước & Mì Cay Muối Ớt,"38 Nguyễn Công Hoan, P. 7, Quận Phú Nhuận, TP. HCM",1.6
Đông Phố Patisserie,"57 Hồ Xuân Hương, P. 6, Quận 3, TP. HCM",3.1
Trà Sữa Panda Milktea,"565/20 Nguyễn Trãi, Quận 5, TP. HCM",3.6
Bánh Tráng Mắm Me & Muối Tây Ninh - Trường Chinh,"345/56/2 Trường Chinh, P. Tân Thới Nhất, Quận 12, TP. HCM",3.6
Quán Nem - Nem Cua Biển & Bún Chả - Nguyễn Thị Minh Khai,"15E Nguyễn Thị Minh Khai, P. Bến Nghé, Quận 1, TP. HCM",3.4
Quán Tự Cường - Cơm Đùi Gà Sốt Mật Ong,"358/2/31E Cách Mạng Tháng 8, P. 10, Quận 3, TP. HCM",3.5
KATINAT - Huỳnh Thúc Kháng,"3 Huỳnh Thúc Kháng, P.Bến Nghé, Quận 1, TP. HCM",4.3
Chị Mai - Bánh Tráng Trộn & Nước Cam,"93/24A Hồ Thị Kỷ, P. 1, Quận 10, TP. HCM",4.8
LaSiMi Tân Phú- Trà Ngon Đậm Vị - Tân Sơn Nhì,"114 Tân Sơn Nhì, P.Tân Sơn Nhì, Quận Tân Phú, TP. HCM",4.5
Phúc Long Lê Đức Thọ,"67 Lê Đức Thọ (Ngã 3 Phạm Huy Thông), P. 7, Quận Gò Vấp, TP. HCM",2.1
N/A,N/A,_._
