name,description,ingredients,url
Vietnamese Lemongrass Chicken Vermicelli (Bún Gà Nướng),"ThisVietnamese Lemongrass Chicken Vermicelli (Bún Gà Nướng)is a simple yet delicious recipe. Vermicelli noodles are mixed with fresh vegetables and herbs, topped with juicy lemongrass chicken, and finished with a tangy Nước Chấm dipping sauce.","1.1 pound deboned chicken thighs
2 stalks lemongrass (or 2 tbsp minced lemongrass)
1 big clove garlic
1 big clove shallot
3 tbsp water
1 tbsp soy sauce
1 tbsp fish sauce
1 tbsp oyster sauce
2 tbsp honey
1 tbsp cooking oil
3 tbsp fish sauce
3 tbsp sugar
6 tbsp warm water
2 tsp rice vinegar
Minced garlic (to your taste)
Minced chili (to your taste)
1 package thin rice noodles (bún)
Lettuce (shredded)
Bean sprouts
Carrot (cut into matchsticks)
Cucumber (cut into matchsticks)
Thai basil, mint…
Vietnamese scallion oil (mỡ hành) (optional)
Vietnamese pickled carrot & daikon (đồ chua) (optional)
Roasted peanuts (optional)
Fried shallots (optional)",https://savourthepho.com/vietnamese-lemongrass-chicken-vermicelli/
Best-Ever Vietnamese Mayo (Sốt Bơ Trứng) for Bánh Mì,"Vietnamese Mayo (Sốt Bơ Trứng)is essential for Banh Mi, adding creamy flavor. Known as ""Banh Mi's Butter,"" it's dairy-free and easy to make, ideal for savory Vietnamese breads.","2 egg yolks
1 cup neutral cooking oil (250ml)
½ tsp salt
½ tbsp sugar
1 tbsp minced garlic / minced shallots (or 1/2 tsp garlic powder)",https://savourthepho.com/vietnamese-mayo-for-banh-mi/
Vietnamese Honeycomb Cake (Palm Sugar Banh Bo Nuong),"Bánh Bò Nướng Đường Thốt Nốt(Baked Palm Sugar Honeycomb Cake) is a favorite Vietnamese delight. Its rich caramel and butterscotch flavors from palm sugar, paired with the creamy indulgence of coconut milk and a delightful chewiness, make it an unforgettable treat!","3 eggs (Size M)
140 g tapioca starch
10 g all-purpose flour (or rice flour or tapioca starch)
240 g coconut milk (full-fat)
5 g coconut oil (or melted butter) (about 1 tsp)
180 g palm sugar
4 g baking powder (double-acting or single-acting) (almost 1 tsp)
2 g baking soda (almost ½ tsp)
½ tsp salt
Cooking oil (for greasing the pan)",https://savourthepho.com/vietnamese-palm-sugar-honeycomb-cake/
Muối Mè (Vietnamese Toasted Sesame Peanut Sprinkles),"Muối Mè(Toasted Sesame Peanut Sprinkle) is a cherished, easy-to-make vegan staple in Vietnamese kitchens. Combining toasted sesame seeds and peanuts, it brings a satisfying nutty crunch to rice or sticky rice, lasts for ages, and requires minimal effort to prepare.","2 tbsp toasted sesame seeds
4 tbsp roasted peanuts
3 tbsp sugar (to your taste)
½ tbsp salt (to your taste)",https://savourthepho.com/muoi-me/
Vietnamese Yogurt (Sữa Chua / Da Ua),"Vietnamese yogurt (Sữa Chua / Da Ua)is a beloved favorite for Vietnamese kids. Its luscious, creamy texture and delightful balance of tangy and sweet flavors make it a real treat.","1 can sweetened condensed milk (14oz/380g)
34 fl oz UHT whole milk (1 liter)
½ cup plain, unsweetened yogurt (100 g)",https://savourthepho.com/vietnamese-yogurt/
Thịt Kho Tiêu (Vietnamese Black Pepper Caramelized Pork),"Thit Kho Tiêu, a Vietnamese classic, offers succulent caramelized pork with bold black pepper flavors. Pair with steamed rice for a delightful meal!","1.2 pound pork (560g) (pork belly, pork shoulder, pork butt, pork loin)
4 tbsp fish sauce (adjust to your taste)
3 tbsp sugar (adjust to your taste)
2 tbsp black peppercorns (or black pepper powder, adjust to your taste)
1 red chili (goat horn pepper, jalapenos)
2 garlic cloves
2 sprigs scallions
2 tbsp cooking oil
½ tsp Vietnamese caramel sauce (nước màu) (or Molasses)",https://savourthepho.com/thit-kho-tieu-recipe/
Vietnamese Coffee (Iced Option: Cà Phê Sữa Đá),Vietnamese Iced Coffee (Cà Phê Sữa Đá)not only introduces Vietnamese cuisine to the world but also embodies the spirit of Saigon! Making it is a breeze and much easier than you might think.,"1 tbsp Vietnamese ground coffee (heaped)
Filtered Water
Condensed milk (to your taste)",https://savourthepho.com/vietnamese-iced-coffee/
Vietnamese Omelette – Trứng Chiên,Trứng chiên (Vietnamese Omelette)is beloved by Vietnamese kids for its simplicity and rich nutrients. It's an affordable and quick dinner option.,"4 eggs
1 handful of chopped scallions
4 oz ground pork (120 g)
5 button mushrooms (sliced)
1 tbsp fish sauce (to taste)
1 tsp sugar (to taste)
2 tbsp cooking oil",https://savourthepho.com/trung-chien-vietnamese-egg-omelette-recipe/
Bún Bò Huế Chay (Vegan Bun Bo Hue Noodle Soup),"Vegan Bún Bò Huế (Bún Bò Huế Chay)is a flavorful plant-based take on the classic spicy beef noodles, with a rich, aromatic broth made from slow-cooked vegetables and lemongrass.","10 cup water (2.5 quarts / 2.5 liter)
¼ pineaple (recommended)
1 medium carrot
1 leek
1 apple
1 corn ear
4 lemongrass stalks (lightly smashed)
15 small Shiitake mushrooms (or 5-6 big Shiitake)
1 tbsp Rock Sugar (≈15 g, adjust to taste)
2 tbsp Salt (to your taste)
2 tbsp Mushroom or Vegetable seasoning powder (to your taste)
1 king oyster mushrooms (sliced)
1 pack fried tofu puffs
1 pack enoki mushrooms
6 button mushrooms (sliced)
2 tbsp Soy bean sauce (or Miso or Fermented Bean Curd)
4 tbsp Vietnamese lemongrass chili oil (to taste)
1 pack Dried Rice Noodles
Vegetables (mung bean sprouts, thinly sliced lettuce)
Herbs (cilantro, Thai basil, Vietnamese coriander)",https://savourthepho.com/bun-bo-hue-chay-vegan-bun-bo-hue/
Mì Quảng – Authentic Central Vietnam’s Turmeric Noodles,"Mì Quảng (Vietnamese Turmeric Noodle Soup)is a must-try dish when you visit the ancient town of Hội An or Đà Nẵng city. It's not difficult to make at home, and I'll show you how to cook it.","1.5 pound chicken thighs (700g) (see note 1)
1 tbsp chicken powder
2 tbsp fish sauce
1 tbsp sugar
8 boiled quail eggs (optional)
2 tbsp annatto oil (or 2 tbsp cooking oil + 1 tsp paprika)
4 cup water (1 liter) (see note 2)
4 tbsp fish sauce (for the broth) (to your taste)
1 tbsp chicken powder (for the broth) (to your taste)
½ tbsp sugar (for the broth) (to your taste)
8 shrimps (with head and shells on) (see note 3)
1 tbsp fish sauce
½ tbsp sugar
1 tbsp annatto oil (or 1 tbsp cooking oil + 1/2 tsp paprika)
3 tbsp minced shallots
1.5 tbsp minced garlic
5 tbsp minced Vietnamese pearl onions (Củ Nén) (or regular pearl onions / onions) (see note 4)
2 thumb-sized pieces turmeric root (or 1 tsp turmeric powder)
Extra-virgin peanut oil (or cooking oil) (see note 5)
1 package Mì Quảng Noodles (see note 6)
Vegetables (salads, baby mustard greens, bean sprouts, shredded banana blossoms)
Herbs (mint, lemon basil, perilla, Thai basil…)
Sesame crackers
Roasted peanuts
Lime
Chili (optional)",https://savourthepho.com/mi-quang/
Easy Cá Kho (Vietnamese Braised & Caramelized Catfish),"Cá Khois a staple of Vietnamese home cooking, celebrated for its tender fish infused with the rich flavors of caramelized sauce. When prepared and served in a traditional clay pot, it transforms intoCá Kho Tộ, offering a rustic charm that elevates this comforting dish.","1 pound catfish steaks (fresh or frozen) (450g)
3 tbsp fish sauce (adjust to taste)
1½ tbsp granulated sugar (for the marinade, adjust to taste)
½ tsp salt (adjust to taste)
½ tbsp granulated sugar (for caramelizing; can be substituted with Vietnamese caramel sauce, dark soy sauce, or molasses)
1 tbsp cooking oil
1 tbsp sliced white part of scallion or shallots
½ tbsp peppercorns
Boiling water",https://savourthepho.com/ca-kho-recipe/
Authentic Bún Mắm | Vietnamese Fermented Fish Noodle Soup,"Bún Mắm, short for Bún Mắm Miền Tây, is a rich and flavorful noodle soup from Vietnam’s Mekong Delta. Beloved by locals in Southern Vietnam, this hearty dish is still relatively unknown outside the country. Though making Bún Mắm is straightforward, achieving its authentic taste requires some insider tips from the region.","½ cup Mắm Cá Linh (salted dorab fish) (150g) (adjust to taste). If using only one type of Mắm , use 1 cup (300g).
½ cup Mắm Cá Sặc (salted gourami fish) (150g) (adjust to your taste)
¼ pineapple
4 cup coconut water (1 liter) – can substitute with water and a bit more sugar.
8 cup water (2 liter)
5 stalks lemongrass
1 small bunch fingerroot (krachai, ngải bún)
1 tbsp minced lemongrass
1 tbsp minced shallot
3 tbsp granulated sugar (season to taste)
½ tbsp MSG (optional)
⅔ pound frozen fish paste (300g) – see Note 1 for substitutes.
½ tbsp chicken powder (if the fish paste is not pre-seasoned).
½ tbsp minced shallots or the white part of a green onion
6 red goat horn chilies.
Cooking oil (for frying)
½ pound shrimp
½ pound squid (cleaned and sliced)
½ pound crispy roasted pork belly (or plain pork belly)
½ pound fish fillet (catfish or red tilapia) (optional)
1 package Bún rice noodles
Shredded water spinach (or substitutes like red cabbage, banana blossoms, etc.)
1 Eggplant (cut into big chunks)",https://savourthepho.com/bun-mam-mien-tay/
Cao Lầu (Hoi An’s Braised Pork Noodle Bowl),"Cao Lầu, the thick noodle bowl featuring 5-spice braised pork, is a must-try delicacy when exploring the enchanting Hoi An ancient town in central Vietnam. Preparing Cao Lầu outside Vietnam is a challenge; however, I'm dedicated to capturing its essence in my kitchen in Germany.","1 pound pork belly (ham cuts, pork butt, pork shoulder) (450g)
3 tbsp all-purpose soy sauce (to your taste)
1 tbsp granulated sugar (to your taste)
1 tsp chicken powder (to your taste)
1 tbsp minced garlic (or 1 tsp garlic powder)
1 tbsp minced shallot (or 1 tsp onion powder)
1 tsp five-spice powder (Vietnamese five-spice powder works best)
2 tbsp annatto oil (or 2tbsp cooking oil + 1/2 tbsp paprika powder)
1 cup water (250ml)
Cao Lầu Dry Noodles (substituted with Udon Noodles or Egg Noodles)
Cao Lầu Crackers (Bánh Ram) (substituted with Wonton Wrappers)
Vegetables (lettuce, baby mustard greens, mung bean sprouts, cucumber…) (use what you have on hand)
Herbs (peppermint – must-have, Thai basil, cilantro, purple perilla…)
Green chilis (jalapeño, Korean green chili peppers)
Lime",https://savourthepho.com/cao-lau-hoi-an/
Easy Vietnamese Caramelized Ginger Chicken (Gà Kho Gừng),"Gà Kho Gừng (Vietnamese Ginger Chicken)is a favorite in many Vietnamese families. Each mom has her own take on this caramelized chicken, but my mom's recipe stands out for being easy, delicious, and ready in under 20 minutes.","1 chicken leg quarter (cut into bite-sized pieces) (chicken wings, drumpsticks)
1½ tbsp fish sauce (to you taste)
½ tbsp granulated sugar (to you taste)
1 tbsp oyster sauce (to you taste)
½ tbsp Sriracha Sauce (optional)
1 tbsp cooking oil
½ tbsp granulated sugar (to make caramel sauce)
1 tbsp minced garlic
1 thumb-sized piece ginger (peeled, cut into thin stripes)
Finely chopped scalions (optional)
Sliced chili (optional)",https://savourthepho.com/vietnamese-caramelized-ginger-chicken/
Vietnamese 5-Spice Roasted Chicken – Cornish Hen Edition,"Vietnamese Roasted Chicken (Gà Nướng)is a well-loved and simple Vietnamese poultry dish. This time, I chose a Cornish game hen – It's tender, juicy, and just the right size for a couple's meal.","1 Cornish Game Hen (2.4 pound or 1.1 kg)
2 tbsp all-purpose soy sauce
1 tbsp chicken powder
1 tbsp oyster sauce
1 tbsp paprika powder (optional, just for color)
1 tbsp Sriracha sauce
1 tbsp garlic powder
3½ tbsp condensed milk
1½ tbsp cooking oil
½ tbsp salt
1 tsp black pepper powder
1½ tbsp sugar
1 tbsp condensed milk
2 tbsp lemon/lime juice
½ tbsp water
½ kaffir leave/lime leave",https://savourthepho.com/vietnamese-roasted-chicken-ga-nuong/
Thạch Rau Câu Flan Cà Phê (Vietnamese Coffee Flan Jelly),"Thạch Rau Câu (Vietnamese jelly)has always been a beloved treat for Vietnamese kids, but this version takes it to the next level by combining two classics—coffee and flan. This layered dessert is super popular in Vietnam, not only for its delicious flavor but also for its striking layers.","25 g agar agar powder (1 packet)
1500 ml water (~6.3 US cup)
300 g granulated sugar (~1½ US cup)
½ tsp salt
½ portion Agar Agar mixture (approx. 900 g or 750 ml, ~3.15 US cups)
5 egg yolks
175 g sweetened condensed milk (~¾ US cup)
7 pieces Laughing Cow Cheese (or 3.5 oz/100 g cream cheese, optional)
500 ml whole milk (~2.1 US cup)
½ portion Agar Agar mixture (approx. 900 g or 750 ml, ~3.15 US cups)
500 ml coffee (made with 15 g or 0.5 oz instant coffee mixed with 500 ml, or 2.1 US cups, of water)
50 g granulated sugar (~⅓ US cup)",https://savourthepho.com/vietnamese-coffee-flan-jelly/
Vietnamese Scallion Oil (Mỡ Hành),Make flavorfulVietnamese scallion oilat home with just four simple ingredients. It's a versatile condiment that could help enhance the flavors of various Vietnamese recipes.,"2 sprigs green onion (chopped)
¼ cup neutral oil (60 ml/4 tbsp)
1 pinch Salt
1 pinch Sugar",https://savourthepho.com/vietnamese-scallion-oil-recipe/
My Mom’s Canh Chua (Vietnamese Sweet & Sour Soup),"Canh Chua (Vietnamese sweet and sour soup)is the refreshing and comforting soup originating from the Mekong Delta of Vietnam. Quick and easy to cook, it's a must-try for any fans of Vietnamese traditional cuisine.","1 pound fish (catfish, salmon, mackerel, tilapia) (fish heads, fillet or steak with bone and skin attached)
1 cup pineapple chunks (fresh or canned) (about 1/4 a small pineapple)
2 tomatoes (cut into thick wedges)
2 oz tamarind paste (55g) (to your taste) (or tamarind concentrate/powder)
3 cup beansprouts
1 cup shedded banana blossoms (optional)
2 elephant ear stalks (peeled, cut diagonally into 1/2-inch or 1 cm pieces)
5 okras (optional) (the stem ends trimmed, cut into 1/4-inch or 0.5 cm pieces)
1.5 tbsp sugar (to your taste)
2 tbsp fish sauce (to your taste)
½ tbsp chicken powder (to your taste)
5 cup boiling water (1.2 liter)
Thai chilies (thinly sliced)
1 handful rice paddy herbs (ngò om/rau ngổ) (finely chopped) (highly recommend)
1 handful sawtooth coriander, lemon basil, Thai basil (finely chopped) (substituted for paddy herbs)
1 tbsp fried garlic (or fried shallots) (optional)",https://savourthepho.com/vietnamese-sweet-sour-soup-canh-chua/
Instant Pot Chicken Pho – Authentic Hanoi Phở Gà,"ThisInstant Pot Chicken Phois both quick and easy, yet still captures the authentic flavor of Hanoi-style chicken pho.","3 onions (unpeeled)
2 shallots (unpeeled)
4-inch (10 cm) section fresh ginger (unpeeled)
¼ cup coriander seeds
1 tbsp peppercorns
3 lime / kaffir leaves
3 scallion roots (optional)
A handful cilantro roots / stems (optional)
1 tsp fennel seeds (optional)
1 small cinnamon stick (optional)
1 black cardamom pod (optional)
3 star anise pods (optional)
1 whole free-walking chicken / old hen (or 4 chicken leg quarters)
2.5 lbs pork bones / chicken bones (1.1 kg)
2 quarts water (2 liter)
1 tbsp salt
4 tbsp High-quality fish sauce (to your taste)
1 tbsp rock sugar (or 1/2 tbsp granulated sugar)
2 tbsp salt / chicken powder (to your taste)
½ tbsp MSG (optional)
Phở rice noodles (flat rice noodles for Northern Phở)
Bean sprouts
Chili (Thai Chili or Jalapeno)
Lime
Herbs (Thai basil, cilantro, culantro…)
Chili sauce (Sriracha)
Quẩy (Youtiao or Chinese donut sticks) (optional)",https://savourthepho.com/instant-pot-chicken-pho/
Cơm Cháy (Vietnamese Scorched Rice),"Cơm Cháyis the irresistible golden rice crust that forms at the bottom of the pot—a crackling, crunchy delight that’s both satisfying and snackable. With its addictive crispness and subtle, nutty flavor,cơm cháyshines on its own or as the perfect crispy pairing for many Vietnamese savory dishes.","2 cup steamed rice (jasmine rice, sticky rice, or a mix of both)
Water",https://savourthepho.com/vietnamese-scorched-rice/
"Phở Bò Sốt Vang – The Rich, Red Wine Twist on Phở","Hailing from Hanoi,Phở Bò Sốt Vang (Red Wine Beef Stew Pho)is a renowned delight. A must for Phở lovers, it boasts tender beef, flavorful broth, pho spices' aroma, and a luxurious wine sauce.","2 lbs stew-friendly beef (beef shank, beef chuck, beef brisket, oxtail, and bone-in short ribs) (1 kg)
3-5 tomatoes
1 tbsp paprika powder
1 cup red wine (250ml)
1 black cardamom
1 stick cinnamon
3 star anises
5 bay leaves
1 tbsp pepper corns
1 tbsp minced garlic
1 tbsp minced shallot
1 tbsp minced ginger
2 tbsp chicken powder (to your taste)
4 tbsp fish sauce (to your taste)
½ tbsp sugar (to your taste)
½ tbsp salt (to your taste)
1 tbsp cornstarch
1 tbsp water",https://savourthepho.com/vietnamese-beef-stew-pho-bo-sot-vang/
Authentic Bún Chả (Hanoi Grilled Pork Noodles),"Bún Chả Hà Nộiis a specialty of Hanoi, Vietnam's capital city. It has captured the hearts of President Barack Obama and Chef Anthony Bourdain. Creating authentic Bún Chả at home is much easier than you might imagine.","1 pound pork belly (450g) (without skin)
1 pound ground pork (450g)
2 tbsp chopped white parts of the scallion
2 tbsp chopped green parts of the scallion
2 tbsp minced shallot
1 tbsp minced garlic
6 tbsp fish sauce
3 tbsp sugar
2 tbsp oyster sauce
1 tsp black pepper powder
2 tbsp Vietnamese caramel sauce
2 tbsp cooking oil
0.3 pound carrot (150g)
0.3 pound green papaya (150g) (or kohlrabi)
1 tsp salt
2 tbsp sugar
2 tbsp rice vinegar (or distilled vinegar, apple cider vinegar)
3 tbsp fish sauce
15 tbsp water (230ml)
¾ tbsp rice vinegar
¾ tbsp lime juice
3 tbsp sugar
minced garlic (to your taste)
minced chili (to your taste)
black pepper powder (to your taste)
1 pack rice vermicelli noodles
Salad
Vietnamese herbs (perilla, Vietnamese balm, cilantro…)",https://savourthepho.com/bun-cha-hanoi/
Hủ Tiếu Bò Kho/Phở Bò Kho (Vietnamese Beef Stew Noodles),"Bò Kho: Effortless, authentic, and bursting with flavor—Vietnamese beef stew featuring tender beef, carrots, and onions in a broth infused with lemongrass. Quick and easy with the Instant Pot or on the stovetop.","2.2 pound Beef shank (Beef chuck, beef brisket, oxtail) (1 kg)
1 tbsp minced garlic
1 tsp Vietnamese 5-spice powder (you can substitue all 5-spice powder and Vietnamese curry powder with 2 tsp Bò Kho Seasoning Powder)
1 tsp Vietnamese Curry Powder
1 tbsp chicken powder
2 tbsp fish sauce
½ tbsp salt
2 tbsp annatto oil (optional)
5 stalks lemongrass
1 tbsp minced shallots (optional)
1 thumb-sized piece ginger
1 tbsp ketchup (optional)
2 small sticks cinnamon
1 pod star anise
½ large onion
2 medium-sized carrots
4 Cup coconut water (or water) (1 liter)
Chicken Powder, Salt, Sugar (adjust to taste)
Hu Tieu Noodles (Pho Noodles, Baguette)
Thai Basils
Bean Sprouts
Lime
Sawtooth coriander (optional)
Vietnamese lime pepper dipping sauce (muối tiêu chanh)",https://savourthepho.com/hu-tieu-bo-kho-instant-pot-vietnamese-beef-stew/
Bún Bò Xào / Bún Bò Nam Bộ (Beef Vermicelli Salad),"Bún Bò Xào / Bún Bò Nam Bộ– Quick & easy Vietnamese meal with fresh herbs, flavorful lemongrass beef, rice noodles, and sweet – tangy fish sauce. Preparation takes less than 30 minutes, yet this dish exceeds all expectations.","3 tbsp fish sauce
3 tbsp sugar
6 tbsp hot water
1 tsp rice vinegar (5%)
Minced garlic
Minced chili
0.7 pound beef (top round steak, flank steak, sirloin, strip, and rib-eye cuts) (320g)
1½ tbsp soy sauce
1 tbsp oyster sauce
½ tsp sugar
½ tbsp cornstarch
1 tbsp cooking oil
1 stalk lemongrass (finely chopped)
1 tbsp minced garlic
1 onion (thinly sliced)
1 cup mung bean sprouts (100g)
Dry or fresh rice vermicelli
Lettuce
Cucumber
Herbs (mint, cilantro…)
Vietnamese Scallion Oil (Mỡ hành) (optional)
Vietnamese Pickled Carrot and Daikon (Đồ chua) (optional)
Fried Shallots (optional)
Roasted Peanuts (optional)",https://savourthepho.com/bun-bo-xao-vietnamese-beef-noodle-salad/
No-Raw-Egg Vietnamese Mayo/Butter (Bơ),"Thisno-raw-egg mayois an excellent alternative to traditional Vietnamese mayo forBánh Mìsandwiches. It’s safer, lighter, and lower in fat, all while delivering the same delicious flavor.","1 egg yolk
0.42 cup water (100ml)
2 tsp cornstarch
¼ tsp salt
¾ tbsp granulated sugar (Add more sugar if you're preparing the sauce for sweet buns.)
2½ tbsp butter (40g)
¼ tsp garlic powder/onion powder (optional)",https://savourthepho.com/no-raw-egg-vietnamese-mayo/
How To Make Vietnamese Sweet Coconut Sauce (Nước Cốt Dừa),"Nước Cốt Dừais the creamy, sweet coconut sauce that elevates Vietnamese desserts. Made by gently simmering coconut milk with sugar, a pinch of salt for balance, and a touch of starch to thicken, it’s the secret to the rich, velvety finish in many beloved treats.","1 small can coconut milk (full fat) (160ml/5.4 fl oz)
1 tbsp granulated sugar
¼ tsp salt
1 tbsp tapioca starch/cornstarch (for the slurry)
1 tbsp water (for the slurry)
Pandan leaves (optional)
1 big can coconut milk (full fat) (400ml/13.5 fl oz)
2½ tbsp granulated sugar
½ tsp salt
2 tbsp tapioca starch/cornstarch (for the slurry)
2 tbsp water (for the slurry)
Pandan leaves",https://savourthepho.com/vietnamese-coconut-sauce/
Very Best Vietnamese Flan (Bánh Flan),"Vietnamese Flan (Bánh Flan/Kem Flan)is my favorite childhood sweet. Made from eggs and sweetened condensed milk, this luxurious, velvety, creamy dessert is sure to captivate your heart.","3 eggs (large-sized eggs)
1½ cup full-cream milk (375ml)
½ cup sweetened condensed milk (125ml/120g)
½ tsp vanilla extract
5 tbsp granulate sugar (80g)
1 tbsp water
Vietnamese Iced Coffee (Cà Phê Sữa Đá)
Crushed ice (optional)",https://savourthepho.com/vietnamese-flan/
Salted Coffee (Vietnamese Cà Phê Muối),"From Huế, Vietnam's former imperial capital,Cà Phê Muối (Vietnamese Salt Coffee)is making waves in the local coffee scene. I'm sure it'll win over every fan of Vietnamese cuisine.","2 shots strong Vietnamese coffee (about 2 oz / 60 ml)
1½ tbsp sweetened condensed milk
Ice cubes
½ cup whipping cream / heavy cream (120ml)
1 tbsp icing sugar
¼ tsp salt",https://savourthepho.com/vietnamese-salt-coffee-ca-phe-muoi/
Easy Vietnamese Pandan Waffles (Bánh Kẹp Lá Dứa),"Vietnamese Pandan Waffles (Bánh Kẹp Lá Dứa)are a beloved snack in Vietnam. They are the combination of textures, with a crispy exterior and a soft, chewy interior that sets them apart from traditional Western-style waffles.","3 eggs (L size)
2 cup rice flour (280g)
½ cup all-purpose flour (75g)
½ cup tapioca starch (75g)
1 can coconut milk (400ml/14 oz)
⅞ cup sugar (175g)
1 tbsp cooking oil
½ tsp salt
½ tsp pandan extract
1½ tsp baking powder",https://savourthepho.com/how-to-make-pandan-waffles-banh-kep-la-dua-recipe/
Vietnamese Chicken Salad (Gỏi Gà/Gà Bóp),"Vietnamese Chicken Saladis a favorite at family gatherings in Vietnam. It's light, refreshing, and full of vibrant flavors. Here is the Central Vietnamese version, made with chicken, onion, Vietnamese coriander, and no fish sauce.","2 pound poached chicken (900g)
3 onions (thinly sliced)
2 tsp granulated sugar (for the onion)
2 tbsp lime juice (for the onion)
Iced water (for the onion)
2 big handful Vietnamese coriander (rau răm)
3 tsp salt (to your taste)
2 tsp granulated sugar (to your taste)
2 tbsp lime juice (to your taste)
¼ tsp MSG (optional)
½ tsp ground pepper (to your taste)
Chili slices (to your taste)",https://savourthepho.com/vietnamese-chicken-salad/
Mom’s Secret Cà Ri Gà – Comforting Vietnamese Chicken Curry,"Cà Ri Gà(Vietnamese Chicken Curry)is a comforting Southern Vietnamese classic that can turn an ordinary day into something special. Though it may seem simple, creating a truly memorableCà Ri Gàrequires a touch of skill and care.","1.7 pound bone-in chicken (cut into bite-sized pieces) (800g)
1½ tbsp Vietnamese curry powder (see Note 1 for substitutions)
1 tbsp Vietnamese curry oil paste (see Note 1 for substitutions)
1 tbsp mild chili powder (such as paprika or gochugaru)
1 tbsp chicken powder (for the marinade)
1 tsp salt (for the marinade)
2 tbsp coconut milk (full-fat) (for the marinade)
3 stalks lemongrass (bruised)
1 tbsp minced garlic
1 tbsp minced shallots
5 dried curry leaves (optional)
1 small carrot (about 200g/0.45 lb)
1 small sweet potato (about 300g/⅔ lb)
½ taro root (about 300g/⅔ lb)
½ onion (cut into wedges)
1¼ cup coconut milk (full-fat) (about 300ml)
2 tbsp sweetened condensed milk (highly recommended)
2 tbsp cooking oil
Salt (to taste)
Chicken powder (to taste)
Rice noodles (Bún) or Baguette
Herbs (Thai basil, sawtooth herbs)
1 tbsp Salt
1 tbsp Sugar
¼ tsp MSG (optional)
Red chili (to taste)
Lime juice (to taste)",https://savourthepho.com/vietnamese-chicken-curry/
Vietnamese Lemongrass Pork Chops (Suon Nuong),"Vietnamese Grilled Lemongrass Pork Chops (Sườn Nướng)are the heart and soul of the popular Vietnamese dish Cơm Tấm (Broken Rice plate). With many tips I learned from a lunch lady who has been cooking and selling cơm tấm for 30 years in Saigon, you can easily whip up this recipe and enjoy the truly authentic flavor at home.","0.8 lb pork chops (350g)
2 tbsp fish sauce
2 tbsp Vietnamese Sate Sauce (or 1 tbsp finely minced lemongrass + 2 tbsp annatto oil)
2 tbsp honey
1 tsp Vietnamese five-spice powder
4 tbsp full-cream milk
Vietnamese scallion oil
Vietnamese dipping fish sauce
Vietnamese pickled carrots and daikon",https://savourthepho.com/com-suon-nuong-vietnamese-lemongrass-pork-chops/
Nước Mắm Gừng (Vietnamese Lime Ginger Fish Sauce),"Nước Mắm Gừngis a popular dipping sauce in Vietnam. Made from fish sauce, ginger, and lime juice, it's numbing, hot, spicy, sweet, and tangy. This dipping sauce is a must for many Vietnamese seafood and poultry dishes.","3 tbsp fish sauce (to your taste)
2½ tbsp sugar (to your taste)
2 tbsp water
½ tsp lime juice (or vinegar)
2 slices ginger (15g)
1 Thai Bird's eye chili",https://savourthepho.com/nuoc-mam-gung/
How to Make Giò Sống (Vietnamese Pork Sausage Paste),"Giò Sống (Vietnamese sausage pork paste)is a basic ingredient in Vietnamese cuisine. Making Giò Sống at home is far simpler than you might imagine, even with just a mini food processor.","1 pound ground pork (450g)
1½ tbsp fish sauce
1 tsp chicken powder
2 tsp sugar
2 tbsp potato starch (tapioca starch, cornstarch)
3.5 tbsp cooking oil
½ tsp baking powder (Alsa or Dr. Oetker)
½ tsp garlic powder (or onion powder)
4 tbsp water",https://savourthepho.com/gio-song/
Coconut Chicken (Vietnamese Gà Roti),"Gà Roti, a delightful Vietnamese dish from South Vietnam, offers succulent, savory & sweet chicken with rice. The luscious sauce strikes a perfect balance of sweet and savory flavors, capturing hearts everywhere.","1.1 pound deboned chicken thighs (500g)
½ cup coconut water (125ml)
¼ tsp Vietnamese five-spice powder
2 tbsp soy sauce
1 tbsp fish sauce
1 tbsp oyster sauce
1 tbsp sugar
1 tbsp minced garlic
1 tbsp minced shallots",https://savourthepho.com/com-ga-roti-vietnamese-rotisserie-chicken/
Bánh Bò Hấp – Vietnam’s Beloved Steamed Rice Cakes,"Bánh Bò Hấpfrom Vietnam’s Mekong Delta is soft, chewy, and coconut-infused. Naturally gluten-free, this spongy treat is a must-try!","14.1 oz Bánh Bò flour (unsweetened, Vĩnh Thuận brand) (400g) see Note 1 for substitutes
1 tsp instant yeast (3g) already included in the flour mix
1⅔ cup full-fat coconut milk (400ml) see Note 2 for substitutes
1⅔ cup coconut water (400ml) see Note 3 for substitutes
1 cup palm sugar (220g) see Note 4 for substitutes
2 tbsp coconut oil (or substitute with cooking oil or melted butter)
1 can coconut milk (full fat) (400ml/13.5 fl oz)
2½ tbsp granulated sugar
½ tsp salt
2 tbsp tapioca starch/cornstarch",https://savourthepho.com/banh-bo-hap-recipe/
Easy Pandan Sticky Rice (Xôi Lá Dứa) in Under 1 Hour,"Pandan Sticky Rice (Xôi Lá Dứa)is a beloved Vietnamese street food, celebrated for its eye-catching green hue and enchanting pandan fragrance. While the traditional method involves hours of soaking to achieve the ideal sticky texture, my handy tip allows you to whip up this delightful dish in less than an hour—no waiting required!","2½ cup sticky rice (shor-grain or long-grain) (about 500g)
1½ oz pandan leaves (about 45g)
⅔ cup water (about 150ml)
1¼ cup coconut milk (full-fat) (about 300ml)
1 tsp salt
1 tbsp granulated sugar
⅛ tsp pandan flavor (optional)
Shredded coconut
2 tbsp roasted sesame seeds
4 tbsp roasted peanuts
3 tbsp granulated sugar
½ tbsp roasted salt (roasting the salt helps preserve the sprinkles longer)",https://savourthepho.com/pandan-sticky-rice/
Bạc Xỉu (The Iconic Saigon’s White Coffee),"Bạc Xỉu, the beloved coffee concoction of Saigon (Ho Chi Minh City), owes its origins to the vibrant mix of French, Vietnamese, and Chinese cultures. With its gentle coffee flavor, it's a delightful choice for all palates.","½ shot Vietnamese coffee (30ml)
2 tbsp condensed milk (30ml)
½ cup fresh milk (125ml)
Ice cubes (or crushed ice) (to your taste)",https://savourthepho.com/bac-xiu-saigon-white-coffee/
Mắm Chưng (Vietnamese Steamed Egg Meatloaf With Salted Fish),"Mắm Chưng, originating from the Mekong Delta Region, is truly my comfort food—this delightful egg meatloaf infused with salted fish is indeed a rice thief.","0.7 pound ground pork (320g)
5 oz boneless salted snakehead fish (140g) (if using just one type of salted fish, use 7oz/200g in total)
2 oz ground salted gouramy fish (60g) (if using just one type of salted fish, use 7oz/200g in total)
6 eggs (separating 2 egg yolks to make the yellow top layer)
½ tbsp sugar
½ tsp MSG (optional)
½ tbsp ground pepper
1 sprig scallion (seperating the white and green parts then finely chop)
1 shallot
1 big clove garlic
2 small slices ginger (7g)
1 tbsp annatto oil (or cooking oil)
2 tbsp cooking oil (to sauté the aromatics)",https://savourthepho.com/mam-chung/
30-Minute Bánh Bột Lọc (Vietnamese Tapioca Dumplings),"Bánh Bột Lọc(Vietnamese tapioca dumplings) is a cherished specialty from Central Vietnam. While traditionally time-consuming to prepare, this simplified method, inspired by Vietnamese home cooks, makes it much easier while still capturing the delightful aroma of banana leaves.","180 g tapioca starch
20 g glutinous rice flour (or substitute with wheat flour, potato starch, or extra tapioca starch)
150 ml room-temperature water
175 ml boiling water
Banana leaves
⅓ lb shrimp (peeled, deveined, and diced)
⅓ lb pork belly (thinly sliced)
¼ tsp chicken bouillon powder
½ tbsp fish sauce
¼ tsp granulated sugar
1 tsp paprika powder
½ tbsp minced shallots (or white parts of scallions)
1 tbsp cooking oil
2 tbsp fish sauce
2 tbsp granulated sugar
4 tbsp water
1 tsp rice vinegar or lime juice
chili slices (to taste)
½ cup chopped scallions
½ tsp salt
¼ cup cooking oil",https://savourthepho.com/banh-bot-loc/
No-Fail Pandan Honeycomb Cake (Banh Bo Nuong),"If you loveVietnamese pandan honeycomb cake(Bánh Bò Nướng Lá Dứa) and want to give making it a try, this recipe is just what you need. It's one of the desserts I'm most proud of crafting!","200 g tapioca starch
10 g all-purpose flour (or rice flour or tapioca starch)
5 eggs (Size M)
170 g coconut milk (full-fat)
170 g granulated sugar
10 g melted coconut oil (or melted butter) (about ⅔ tbsp)
30 g luke warm water (100–110°F/38–43°C)
3 g baking powder (⅔ tsp)
3 g instant yeast (active dry yeast) (1 tsp)
¼ tsp salt
7 pandan leaves (fresh or defrosted) (You can use either pandan leaves, pandan extract, or both.)
¼ tsp pandan flavoring extract
½ tsp vanilla extract (optional)",https://savourthepho.com/vietnamese-pandan-honeycomb-cake/
Sườn Ram Mặn | Sườn Kho (Vietnamese Caramelized Pork Ribs),Sườn Ram Mặn (Caramelized Pork Ribs)is a beloved staple in Vietnamese home cooking. It's super easy to make and pairs perfectly with a big bowl of steamed rice—you might find yourself going back for seconds!,"1 pound pork ribs (spare ribs, baby ribs) (450g)
Shallots (or ginger, scallions) (for parboiling)
1 tbsp fish sauce (to your taste)
½ tbsp soy sauce (to your taste)
½ tbsp sugar (to your taste)
½ tbsp Sriracha chili sauce (to your taste)
1 tbsp oyster sauce (to your taste)
1 tbsp minced shallots (for the marinade)
1 tbsp minced garlic (for the marinade)
½ tbsp cooking oil
Vietnamese Caramel Sauce (Molasses/Dark Soy Sauce) (optional, just for the color)
Coconut water (optional, you could use normal water, Coco Rico, Coke or 7-UP)",https://savourthepho.com/vietnamese-caramelized-pork-ribs/
Bánh Bột Chiên Hack (15 minutes),"Bánh Bột Chiên (fried rice cakes with eggs)is a popular Saigon street food. Instead of making rice cakes from scratch, I've found an ingredient that lets you prepare this favorite dish in just 15 minutes.","1 cup Korean rice cakes (about 120g) (fresh, refrigerated or frozen)
1 tsp Dark Soy Sauce (or Regular Soy sauce)
2 eggs
½ sprig chopped scallions
1 tbsp soy sauce
1 tbsp sugar
½ tbsp rice vinegar
1 tsp Sriracha (or minced chili) (to your taste)
Đồ Chua (pickled carrots and daikon) (or julienned carrots and green papaya / daikon)
Cooking oil",https://savourthepho.com/banh-bot-chien-hack/
Vietnamese Mung Bean Cake (Bánh Đậu Xanh Nướng),"ThisVietnamese Baked Mung Bean Cake (Bánh Đậu Xanh Nướng)is an easy homemade treat that offers a creamy, smooth, and sweet richness in every bite. It captures the essence of traditional Vietnamese flavors and evokes a comforting sense of nostalgia.","2 cups dried peeled mung beans (400g)
1 can coconut milk (400ml/13.5 fl oz)
1 cup whipping cream/heavy cream (250ml)(substitute with coconut milk if making a vegan version)
2 tbsp melted butter
2 cup granulated sugar (350g)
4 tbsp sweetened condensed milk
1 cup all-purpose flour (140g)
2 tbsp cornstarch
2 tbsp glutinous rice flour (can be substituted with cornstarch)
2 tsp vanilla extract
¼ tsp salt",https://savourthepho.com/vietnamese-mung-bean-cake/
Vietnamese Avocado Popsicles (3 ingredients),TheseVietnamese-inspired avocado popsiclesare a cinch to make and can be veganized effortlessly with only three ingredients.,"4 small Hass avocados (ripe)
5 tbsp sweetened condensed milk (to your taste)
⅙ cup coconut cream (40ml) (or regular milk or water)",https://savourthepho.com/vietnamese-avocado-popsicles/
Hainanese Chicken Rice – Vietnam-Style!,"Cơm Gà Hải Nam, a spin on Hainanese chicken rice in Vietnam, highlights succulent poached chicken, fragrant rice cooked in chicken broth, and a distinctive zesty ginger fish sauce. Surely to satisfy you","2 chicken leg quarters
2 cup water (500ml) (just enough to cover the chicken in the pot)
1 onion (quartered)
1 stalk lemongrass (slightly pounded)
1 large piece ginger (3inch or 7cm) (sliced)
2 Kaffir leaves
½ tbsp turmeric powder
½ tsp Salt (adjust to taste)
1 tsp Chicken powder (adjust to taste)
3 tbsp cooking oil
¼ tsp turmeric powder (for cooking rice)
3 tbsp fish sauce
2½ tbsp sugar
2 tbsp chicken broth (or water)
½ tsp vinegar
2 slice ginger (15g) (minced)
1 Thai Bird's eye chili (minced)
Sautéed scallion stem (saved from sautéing the rice)",https://savourthepho.com/com-ga-hai-nam/
Bánh Cuốn (Vietnamese Steamed Rice Rolls),"Bánh Cuốn and Bánh Ướtare breakfast staples in Vietnam. They are steamed rice rolls stuffed with minced pork and mushrooms, then served with a delicious dipping fish sauce! Making Bánh Cuốn at home is much easier than you think.","250 g rice flour (or rice starch) (around 2¼ cup)
120 g tapioca starch (around 1 cup)
30 g potato starch (around 2.5 tbsp) (You could use cornstarch or tapioca starch but I highly recommend potato starch)
1.1 liter water (around 4⅖ cup) (You could reduce it to 1 liter / 4 cup)
½ tsp salt
½ tbsp cooking oil
0.7 pound ground pork (320g)
1/8 cup dried & pre-sliced wood ear Mushrooms (15g)
1 shallot
½ bulb onion
1 tbsp fish sauce (to your taste)
⅓ tbsp ground pepper (to your taste)
1 cup fish sauce (to your taste)
1 cup sugar (to your taste)
3 cup water
¾ tbsp lime / lemon juice or vinegar (5%) (to your taste)
Chili (minced) (to your taste)
Chả Lụa (sliced) (optional)
Bean Sprouts (blanched)
Cucumber (cut into matchsticks)
Fried Shallots
Herbs (Thai basil, Vietnamese coriander…)",https://savourthepho.com/banh-cuon-banh-uot/
Corn Milk (Vietnamese Sữa Bắp),"Sweet, creamy, and fragrant,Vietnamese Corn Milk (Sữa Bắp)is a comforting drink made from fresh corn and pandan—perfect warm or chilled over ice.","2 ears yellow sweet corn
4 cup water (1 liter)
3 pandan leaves
1⅔ cup milk (about 14 fl oz/400ml)
3 tbsp sweetened condensed milk (40g)
1½ tbsp granulated sugar (20g)
1 pinch salt",https://savourthepho.com/sua-bap-recipe/
Kem Chuối (Vietnamese Banana Coconut Ice Cream),"Kem Chuối (Banana Ice Cream)brings back childhood memories for every Vietnamese kid. It's super simple to make at home with basic ingredients—no churning, ice cream molds, or eggs needed—and can easily be veganized.","1 can coconut milk (13.5oz/400ml) (>15% fat)
⅔ cup sweetened condensed milk (150g) (to your taste)
4-5 Thai bananas (or 2-3 American bananas)
½ cup yogurt (100g)
1 wedge Laughing Cow Cheese (optional)
¼ tsp salt
3 tbsp tapioca starch (or cornstarch)
1 cup shredded coconut
½ cup lightly crush roasted peanuts",https://savourthepho.com/vietnamese-kem-chuoi/
Authentic Egg Coffee (Cà Phê Trứng),Cà Phê Trứng (Egg Coffee)is a must-try delicacy in Hanoi. The luscious and creamy egg froth paired with Vietnamese coffee is sure to impress you.,"2 egg yolks
1 tbsp condensed milk (or honey)
2 shots Vietnamese coffee (or Espresso, 60ml)
½ tsp vanilla extract (or Rum liquor)",https://savourthepho.com/vietnamese-egg-coffee/
Vietnamese Lemongrass Chicken (Gà Nướng Xả),"Vietnamese Lemongrass Chickenis both delicious and simple to make, ideal for quick dinners or gatherings. Plus, my recipe ensures no awkward lemongrass lumps.","1.1 lb deboned chicken thighs (chicken legs) (500g)
1 stalk lemongrass
1 big clove garlic
1 sprig scallion
3 tbsp water
1 tbsp fish sauce (to your taste)
1 tbsp soy sauce (to your taste)
2 tbsp brown sugar (or honey) (to your taste)
1 tbsp coconut milk (or cooking oil)
Rice noodles (recommended)
Vietnamese dipping fish sauce (Nước Chấm) (recommended)
Vietnamese pickled daikon and carrots (Đồ Chua) (recommended)
Thinly sliced leafy salad (recommended)
Chopped roasted peanuts (optional)
Vietnamese scallion oil (optional)
Thinly-sliced cucumber (optional)
Mung bean sprouts (optional)",https://savourthepho.com/air-fryer-vietnamese-lemongrass-chicken-recipe/
Soft & Fluffy Pandan Chiffon Cake (with Real Pandan),"Pandan chiffon cakeis a Southeast Asian favorite, loved for its light, airy texture and fragrant pandan aroma. This recipe offers two versions: one delicate and airy, ideal for fans of traditional Asian flavors, and another richer and denser, suited to Western tastes.","4 egg yolks (room temperature)
30 g caster sugar
40 g coconut oil (or corn oil/cooking oil)
110 g coconut milk (full-fat)
80 g low-gluten flour (or all-purpose flour/self-raising flour) (skip baking powder if using self-raising flour)
30 g cornstarch
½ tsp baking powder
6 pandan leaves (green part only)
¼ tsp pandan extract (optional, or use pandan leaves only)
¼ tsp salt
4 egg yolks (room temperature)
10 g caster sugar
35 g coconut oil (or corn oil/cooking oil)
50 g coconut milk (full-fat)
55 g low-gluten flour (or all-purpose flour)
5 g cornstarch
4 pandan leaves (green part only)
¼ tsp pandan extract (optional, or use pandan leaves only)
¼ tsp salt
4 egg whites (room temperature)
60 g caster sugar
½ tsp lime/lemon juice or white vinegar (or ¼ tsp cream of tartar)",https://savourthepho.com/pandan-chiffon-cake/
Vietnamese Pickled Carrots & Daikon (Radish): Đồ Chua,"Đồ Chua (Vietnamese Pickled Carrot & Daikon)– a beloved side for Vietnamese dishes. Here’s an easy, flavor-packed way to make it with a simple ingredient ratio.","1 daikon (≈300 g / 0.66 lb)
1 lbs carrot (≈320 g / 0.70 lb)
2 tsp salt
4 tbsp rice vinegar (5%)
2 tbsp sugar
1.5 cup water (375ml)
1.5 cup sugar (375ml)
1.5 cup rice vinegar (5%) (375ml)",https://savourthepho.com/vietnamese-do-chua-pickled-carrot-and-daikon/
Vietnamese Banana Bread Pudding Cake (Bánh Chuối Nướng),"Bánh Chuối Nướng (Vietnamese Banana Cake)is a delicious traditional dessert from Vietnam. It's simple to make, almost fail-proof, and a perfect way to repurpose leftover bread.","1.3 lb ripe Thai bananas (peeled) (590g)
2 tbsp granulated sugar
2 tbsp rice wine (or rum liquor)
½ tsp salt
2 tbsp melted butter
5 oz bread (sandwich, baguette…) (130g or 4-5 sandwich slices)
1 egg
1 small can coconut milk (5.6oz/165ml)
1 cup whipping cream (or milk) (250ml)
1 tsp vanilla extract
2 tbsp granulated sugar (30g)
1 tbsp melted butter (15g)
2 tbsp vanilla instant pudding (or all purpose flour, rice flour, cornstarch, tapioca starch…)",https://savourthepho.com/banh-chuoi-nuong-vietnamese-banana-cake/
Chikoo Shake – Sapota Milkshake (Vietnamese-Style),"ThisChikoo Shake (Sapota Milkshake)is a perfect summer drink—refreshing, wholesome, and delicious. It's easy to make, and adding a Vietnamese twist will take its flavor to the next level.","2 chikoo fruits (sapota, sapodilla)
½ tbsp sweetened condensed milk (optional)
3 tbsp milk
1 tsp Instant Coffee",https://savourthepho.com/chikoo-shake/
Authentic Dipping Sauce for Bun Cha (Hanoi-style),"If you've had Bún Chả or Nem Rán (Fried Spring Rolls) in Hanoi, you'd likely recall the bowl of dipping sauce filled with appealing, thinly sliced carrots and kohlrabi. Thisdelightful dipping sauceis also a staple accompaniment for many signature Hanoi dishes.","0.4 pound kohlrabi (200g or 1 bulb)
0.2 pound medium-sized carrots (100g)
1 tsp salt (for the pickle)
2 tbsp sugar (for the pickle)
2 tbsp vinegar (for the pickle)
2 tbsp fish sauce
10 tbsp water
1½ tbsp vinegar
2 tbsp sugar
minced garlic (to your taste)
minced chili (to your taste)
black pepper powder (to your taste)",https://savourthepho.com/bun-cha-dipping-sauce/
Canh Bún (Vietnamese Crab Noodle Soup with Water Spinach),"Canh Búnis a humble, rustic Vietnamese noodle soup with crab and water spinach. It's beloved throughout Vietnam from the North to the South. Luckily, cooking Canh Bún at home is a breeze.","1 pound pork ribs (450g)
⅛ cup dried shrimps (30g)
1 bulb onion
1 stalk lemongrass (optional)
1 tbsp salt (to your taste)
1 tbsp rock sugar (15g) (granulated sugar is ok)
1 tbsp chicken powder (to your taste)
3 tbsp fish sauce (to your taste)
8.5 cup water (2 litesr)
3 tomatoes (cut into wedges)
1 bulb shallot (thinly sliced)
1 tbsp paprika powder
3 tbsp cooking oil
Fried tofu
1 pound ground pork (450g)
⅛ cup dried shrimps (30g)
4.4 oz crab meat (125g) (optional)
4 tbsp canned crab paste (Bún Riêu Cua seasoning)
1-3 eggs
fish sauce (to your taste)
sugar (to your taste)
1 package Bún Bò Huế Thick Rice Noodles
1 bunch Water Spinach (Ong Choy)
Mắm Tôm (fermented shrimp paste)
Tamarind sauce (optional)
Lime/Lemon (cut into wedges)
Green onion
Cilantro",https://savourthepho.com/canh-bun/
Bánh Da Lợn: Vietnamese Steamed Pandan Cake (Soft for Days),"Bánh Da Lợn—a fragrant steamed layer cake made with pandan and mung bean—is a beloved Vietnamese dessert, especially in the Mekong Delta (Miền Tây). With its vibrant layers and chewy texture, it's not only visually stunning but also easy to make and naturally gluten-free!","70 g mung beans (peeled, split) ¼ cup
280 g water 1 ⅙ cups
280 g full-fat coconut milk 1 ⅙ cups
70 g granulated sugar ⅓ cup
85 g tapioca starch ½ cup + 1 tbsp
15 g all-purpose flour (or rice flour for a gluten-free option) 2 tbsp
1 pinch salt
1 pinch turmeric powder
180 g pandan juice ¾ cup (Blend 10–12 pandan leaves with 250g (1 cup) water , strain, and extract the required amount of juice.)
¼ tsp pandan extract
125 g water ½ cup
70 g full-fat coconut milk ¼ cup
70 g granulated sugar ⅓ cup
160 g tapioca starch ⅔ cup
15 g all-purpose flour (or rice flour for a gluten-free option) 2 tbsp",https://savourthepho.com/banh-da-lon-recipe/
Easy Vietnamese Steamed Banana Cake (Bánh Chuối Hấp),"Bánh Chuối Hấpis a cherished Vietnamese dessert, especially loved in the lively Mekong Delta of Southern Vietnam (Miền Tây). This steamed banana cake is wonderfully soft, chewy, and fragrant, bursting with tropical flavors in every bite.","1.1 pound bananas (peeled) (500g)
2 tbsp granulated sugar (25g)
¾ cup tapioca starch (90g)
1 tbsp all-purpose flour (10g)
½ tsp salt
½ tsp turmeric powder
¼ cup boiling water (60ml)
1 tbsp cooking oil
1 small can coconut milk (full fat) (160ml/5.4 fl oz)
1 tbsp granulated sugar
¼ tsp salt
1 tbsp tapioca starch/cornstarch (for the slurry)
1 tbsp water (for the slurry)
Pandan leaves (optional)
Crushed roasted peanuts (or toasted sesame seeds)",https://savourthepho.com/banh-chuoi-hap/
Mắm Tôm | Vietnamese Shrimp Paste (Authentic Way),"Mắm Tômis a potent condiment in Vietnamese cuisine. Similar Blue Cheese or Durian, it's not for the faint of heart, but once you acquire a taste for it, you might become hooked.","1 tbsp Mắm Tôm (Vietnamese Fermented Shrimp Paste)
1 tbsp sugar (to your taste)
2 calamansi (Only juice)
¼ tsp MSG (Optional)
1 tbsp sliced shallots
1 tbsp cooking oil
Chili (sliced) (to your taste)",https://savourthepho.com/vietnamese-mam-tom/
Phở Áp Chảo – Crispy Pan-Fried Noodles with Beef (30 mins),"Phở Áp Chảo (Or Phở Xào Giòn)is an inventive Hanoian twist on Pho. Easy and delicious with full of textures, it features a platter of crispy fried Pho noodles with delectable stir-fried beef and veggies.","1 lb fresh flat pho noodles (500g) (read note 1 for about dry noodles)
½ tbsp chicken powder
2 egg yolks (or 1 egg)
3 tbsp cornstarch
Cooking oil
⅔ lb sliced beef (300g) (top round steak, flank steak, sirloin, strip, or rib-eye cuts)
1 tbsp minced garlic
1½ tbsp soy sauce (to your taste)
1 tbsp oyster sauce (to your taste)
½ tbsp sugar (to your taste)
½ tbsp cornstarch
1 tbsp cooking oil
2 cup mung bean sprouts (200g)
1 tomato (cut into wedges)
1 onion (cut into wedges)
3½ oz carrot (100g) (julienned)
6 oz green bean (170g, 6-7 green beans) (trimmed and chopped into 1-inch / 3 cm long pieces)
1 handful cilantro (chopped)
2 sprigs scallion (chopped)
1 pinch salt (to your taste)
Chicken powder (to your taste)
1 tbsp cornstarch
2 tbsp water (to mix with cornstarch)
¼ cup water (60ml)
Hanoi-style dipping fish sauce
Nước Chấm (dipping fish sauce)
Soy sauce",https://savourthepho.com/pho-xao-gion-pho-pizza/
Simple Vietnamese Pumpkin Soup (Canh Bí Đỏ),"Canh Bí Đỏ(Vietnamese Pumpkin Soup) is a cherished and simple dish in everyday Vietnamese cuisine. This comforting soup combines tender pumpkin with minced pork or shrimp, creating a light, wholesome, and nourishing meal.","0.9 lb pumpkin or squash (400g) (peeled, deseeded)
0.45 lb ground pork or minced shrimp (200g)
½ tbsp minced shallots (or white part of scallions)
1 tsp cooking oil
4 cup water (1 liter)
½ tbsp chicken bouillon powder (adjust to taste)
½ tsp salt (adjust to taste)
¼ tsp MSG (optional)
Fresh herbs (rice paddy herbs, scallions, or cilantro) (finely chopped)",https://savourthepho.com/canh-bi-do/
Thịt Kho Trứng (Vietnamese Braised Pork Belly & Eggs),"Thịt Kho Trứngis a beloved Vietnamese comfort food featuring tender braised pork belly and eggs. A staple on family tables nationwide, each region adds its own special flair to this dish. The version from Miền Tây (the Mekong Delta) is especially iconic, celebrated for its use of coconut water, which lends a natural sweetness to the dish's rich, savory profile.","2 pound pork belly (cut into 5 cm or 2-inch chunks)
4 duck eggs (or substitute with 4 chicken eggs or 10 quail eggs)
3 cup coconut water (or 3 cups water + 2 tablespoons sugar)
2 cup water
2 tbsp sugar
2 shallots
2 cloves garlic
1 Thai red chili (or substitute with goat horn chili or jalapeño)
¼ cup fish sauce
½ tbsp chicken bouillon powder
½ lime or lemon
Cooking oil",https://savourthepho.com/vietnamese-braised-pork-belly-eggs/
Vietnamese Pizza – Bánh Tráng Nướng (10 minutes),"Bánh Tráng Nướng– a crispy, savory Vietnamese street food, perfect for any occasion. Enjoy it authentic or customize with favorite toppings for a delicious treat.","1 rice paper
½ tbsp butter
1 wedge Laughing Cow cheese
1 egg
½ tsp Ớt Sa Tế (Vietnamese lemongrass chili oil) (optional)
Pork Floss
Dried Shrimps
Shredded Vietnamese Beef Jerky
Sausages
Mayonaise
Sriracha chili sauce",https://savourthepho.com/banh-trang-nuong-vietnamese-pizza-recipe/
"Vietnamese Coconut Coffee (No Blender, Easy)","ThisVietnamese Coconut Coffee(Cà Phê Dừa) is another delicious variation of coconut coffee in Vietnam. While the more popular slushy version requires a high-speed blender, this simpler version is just as tasty and easier to make.","2 tbsp sweetened condensed milk
3 tbsp coconut milk
⅓ cup milk (60ml)
2 shot Vietnamese coffee
Ice cubes",https://savourthepho.com/vietnamese-coconut-coffee/
Nước Chấm (Vietnamese Fish Sauce): Tips & Regional Touches,"Vietnamese dipping fish sauce (nước mắm chấm)is a classic condiment, perfect for enhancing Vietnamese dishes. Easy to make with simple ingredients, it refrigerates well for two months.","½ US cup high-quality fish sauce (120ml) (adjust to taste)
½ US cup sugar (120ml) (adjust to taste)
1½ US cup water (240ml) (adjust to taste)
2 tbsp Vinegar (5%) / Lime juice (adjust to taste)
1 clove Garlic
1 Thai Chili",https://savourthepho.com/ultimate-vietnamese-dipping-fish-sauce-recipe/
Vietnamese Avocado Smoothie (Sinh Tố Bơ),"Sinh Tố Bơ (Vietnamese Avocado Smoothie)is indulgently creamy, rich, and refreshing, making it the perfect beverage for summertime. Give this recipe a try to discover a delightful new way to enjoy avocados.","2 Hass avocados (ripe)
2½ tbsp condensed milk (to your taste)
½ cup fresh milk (120ml)
4 ice cubes",https://savourthepho.com/vietnamese-avocado-smoothie/
Authentic Bún Bò Huế (Spicy Beef Noodle Soup from Huế),"Bún Bò Huếis a spicy beef noodle soup from Hue, Vietnam, known for its bold and complex flavors. This authentic recipe, paired with local tips from a native Vietnamese kitchen, will guide you to perfecting this iconic dish!","2 pound beef shank (about 1 kg)
1 pound beef ribs (about ½ kg)
1 pork knuckle (about 1.7 pound/0.8 kg)
Blood pudding (optional)
1 thumb-sized piece ginger (sliced) (for parboiling the meat)
1 tbsp salt (for parboiling the meat)
3 stalks lemongrass (bruised) (for the marinade)
3 shallots (sliced) (for the marinade)
1 tbsp Hue Shrimp Paste (mắm ruốc Huế) (for the marinade)
2 tbsp fish sauce (for the marinade)
6 stalks lemongrass (bruised)
1 thumb-sized piece ginger (sliced)
1 bulb onion
¼ pineapple (peeled)
2 tbsp shrimp paste
1 cup water (240ml) (for dissolving the shrimp paste)
3 tbsp fish sauce (adjust to your taste)
1 tbsp chicken powder (adjust to your taste)
½ tbsp salt (adjust to your taste)
1 tbsp minced shallot
3 tbsp minced lemongrass
2 tbsp cooking oil
2 tbsp annatto oil (or 1 tbsp paprika powder)
1 tbsp fish sauce
½ tbsp granulated sugar
½ bulb onion
1 pound Lettuce / water spinach / red cabbage / banana blossom (about 450g)
½ pound Mung bean sprouts (about 250g)
Herbs (Vietnamese coriander, perilla leaves, and Thai basil)
1 package ""Bún"" rice noodles",https://savourthepho.com/bun-bo-hue/
Easy Vietnamese Fried Fish – Cá Chiên,"Cá Chiên, or Vietnamese Fried Fish, is a classic comfort dish with a crispy golden crust and tender, juicy flesh. This version comes with a Nha Trang twist—Nước Mắm Ngò, a zesty cilantro fish sauce that adds a fresh, herby kick to every bite.","⅔ pound red tilapia fillets (catfish, salmon…) (300g)
Salt (to taste)
Ground black pepper (to taste)
1 tbsp Cornstarch (Tapioca starch/Potato starch)
Cooking oil
1 handful fresh cilantro
1 tbsp fish sauce (to taste)
1 tbsp sugar (to taste)
1 big clove garlic
Chili peppers (to taste)",https://savourthepho.com/vietnamese-fried-fish/
Vietnamese Sweet & Sour Pork Ribs (Sườn Xào Chua Ngọt),"Sườn Xào Chua Ngọt (Sweet & Sour Pork Ribs)is a Vietnamese classic that’s sure to tempt any rice lover. Tender pork ribs are enveloped in a sticky, tangy-sweet glaze that practically demands to be enjoyed with a generous side of hot, fluffy rice.","1 pound pork ribs (spare ribs, baby ribs) (450g)
3 slices ginger (shallots/scallions) (for parboiling)
1 tbsp fish sauce (for the marinade)
2 tbsp cornstarch (tapioca starch/potato starch) (for the marinade)
1 tbsp minced shallots
1 tbsp garlic
Cooking oil
2 tbsp fish sauce (to your taste)
1 tbsp rice vinegar (5%) (to your taste)
1 tbsp granulated sugar (to your taste)
2 tbsp ketchup (optional)
½ cup Water (125ml)",https://savourthepho.com/vietnamese-sweet-sour-pork-ribs/
Bắp Xào – Vietnamese Sautéed Corn with Dried Shrimps,"Bắp Xàois a popular street food in Southern Vietnam. Each bite is a delicious combination of sweet corn, savory dried shrimps, and buttery richness, leaving a satisfying taste for anyone.","1 can corn (drained)
1 sprig scallion (the white and green parts separated, finely chopped)
1 tbsp cooking oil
1 tbsp butter
Fish sauce (to your taste)",https://savourthepho.com/bap-xao-recipe/
Saigon-Style Peanut Sauce for Vietnamese Spring Rolls,"MyPeanut Sauceis a creamy, savory, and delightful dip. Just mix over low heat, and your delectable dipping sauce is ready to elevate your Vietnamese spring rolls.","3 tbsp Hoisin sauce
1 tbsp Peanut butter
3 tbsp Coconut milk
3 tbsp Water
½ tbsp Soy sauce (adjust to taste)
¼ tsp Rice vinegar (adjust to taste)
1 tbsp Minced garlic
1 tbsp Cooking oil
½ tbsp Vietnamese chilli oil (adjust to taste)
3 tbsp Hoisin sauce
½ tbsp Peanut butter
4 tbsp Water
½ tbsp Soy Sauce (adjust to taste)
¼ tsp Rice vinegar (adjust to taste)
½ tsp Garlic powder",https://savourthepho.com/ultimate-hoisin-peanut-sauce/
Chả Lụa/Giò Lụa (Vietnamese Pork Roll/Vietnamese Ham),"Chả Lụais a beloved local sausage in Vietnamese cuisine, featuring in various dishes from the North to the South. It is the pork paste wrapped in banana leaves, shaped into a sizable log, and then steamed or boiled until fully cooked.","0.9 pound pork loin (400g)
0.2 pound chicken breast / chicken tender (100g) (you can use pork)
1 tbsp Red Boat fish sauce
1½ tsp chicken powder
2 tsp sugar
1 tbsp potato starch (or tapioca starch, cornstarch)
3 tbsp cooking oil
1 tsp baking powder (read my note at the end)
5 tbsp water
½ tbsp garlic powder (or onion powder)
½ tbsp peppercorns (to your taste)
Banana leaves
Aluminum foil",https://savourthepho.com/cha-lua-recipe/
Banana Waffles Recipe (Vietnamese Style),"ThisVietnamese banana wafflerecipe is a refreshing way to use your ripe bananas. With a crispy exterior and a chewy interior, these waffles provide a delightful contrast in texture that everyone will crave.","3 medium-sized ripe banana
2½ cup tapioca starch (300g)
½ cup rice flour (75g)
½ cup all-purpose flour (75g)
¾ cup sugar (150g)
1½ tsp baking powder
¼ tsp salt
3 eggs (size L)
1 can coconut cream (14oz/400ml)
1 tbsp vegetable oil
1 tsp vanilla extract",https://savourthepho.com/vietnamese-banana-waffles/
Vietnamese Green Chili Sauce for Seafood (Muối Ớt Xanh),"Vietnamese Green Chili Sauce for Seafood (Muối Ớt Xanh)is a cherished dipping sauce from my hometown, Nha Trang. With a delicate balance of sweetness and tanginess, complemented by the aromatic essence of lime leaves, this sauce serves as a refreshing accompaniment to seafood.","¾ cup granulated sugar (150g). If you would like to add condensed milk, substitute it with ⅜ cup of sugar (75g) + ¼ cup of condensed milk (80g).
⅓ cup fine salt (50g) (to your taste)
1 tsp MSG (optional but highly recommend)
1 lime leaf
⅔ cup lime juice (160ml) (to your taste)
½ oz Thai green chilies (7g) (to your taste)
2½ oz Korean green chilies (35g) (green peppers, jalapeno…) (to your taste)",https://savourthepho.com/vietnamese-green-chili-sauce/
Vietnamese Fried Spring Rolls (Northern-style Nem Rán),Nem rán (the Hanoi-style fried spring rolls)boast a delightful combination of a crispy coal and a flavorful juicy filling. They are not only delicious but also entirely gluten-free. Discover tips for crispy spring rolls without bursting or exploding.,"Rice Papers use 8.5-inch / 22 cm round rice papers or square rice papers
3 tbsp all-purpose flour or rice flour for gluten-free
1 tsp baking powder
5 tbsp water adjust for a thin, smooth consistency
1.1 lb ground pork 500g
2 egg yolks reserve egg whites for sealing the rolls
½ tbsp chicken powder
½ tbsp salt
¼ tbsp sugar
½ lb mung bean sprouts 225g, cut into ½–1.5 inch (1–3 cm) pieces
⅓ medium-sized carrot about 25g, julienned
5 wood ear mushrooms about 5g, soaked and finely chopped
1 handful Thai basil or cilantro optional, for freshness
3 sprigs green onion finely chopped
1 oz bean thread noodles 30g, soaked and cut into shorter strands
2 tbsp minced or fried shallots
½ bulb kohlrabi 3.5oz / 100g
⅔ medium-sized carrot 1.7oz / 50g
½ tsp salt for the pickled veggies
1 tbsp sugar for the pickled veggies
1 tbsp vinegar for the pickled veggies
1 tbsp fish sauce
5 tbsp water
¾ tbsp vinegar
1 tbsp sugar
minced garlic to your taste
minced chili to your taste
black pepper powder to your taste",https://savourthepho.com/nem-ran-hanoi-fried-spring-rolls/
Vietnamese Avocado Coffee (Cà Phê Bơ),"Vietnamese Avocado Coffee (Cà Phê Bơ)is a beloved coffee beverage in Vietnam. While it may not be as well-known outside the country, the combination of creamy avocado shake with robust Vietnamese coffee is just incredible.","⅓ cup Vietnamese Iced Coffee (80ml) (you could use instant coffee or ground coffee)
2 ripe avocado
2½ tbsp condensed milk
½ cup fresh milk (125 ml)
4 ice cubes",https://savourthepho.com/vietnamese-avocado-coffee/
Bún Mọc (Rice Noodle Soup with Meat Balls),"Bún Mọcis a Vietnamese rice noodle soup with pork meatballs. The pork broth is clear and simple, yet packed with flavors. The best part? It's easier to prepare than many Vietnamese dishes.","1 pound pork ribs (450g)
1 onion
1 big shallot
1 tbsp salt
1 tbsp rock sugar (15g) (granulated sugar is ok)
1 tbsp chicken powder
2 tbsp fish sauce
8.5 cup water (2 litesr)
1 pound giò sống (Vietnamese pork paste) (450g) (store-bought or homemade)
0.3 oz dried wood ear mushrooom strips (8g) (use double the amount if you only make the boiled meatballs)
1 pound Chả Lụa (Vietnamese pork roll) (450g) (or Chả Chiên or both)
Mắm Tôm (fermented shrimp paste) (on the side)
Ớt Sa Tế (Vietnamese lemongrass chili oil) (on the side)
Mung bean sprouts
Celery (substitute for water spinach and banana blossoms)
Lime/Lemon (cut into wedges)
Cilantro
Green onions",https://savourthepho.com/bun-moc/
Easy Bánh Tráng Trộn (Vietnamese Rice Paper Salad),"For Vietnamese students,Bánh Tráng Trộn(Mixed Rice Paper) is the ultimate comfort snack—a tangy, savory taste of Saigon's vibrant streets. Bring that magic to your kitchen and make it yours!","10 rice papers
1 handful julienned green mango
1 handful Vietnamese coriander (chopped)
Shredded Vietnamese beef jerky (adjust to your preference)
1 tbsp fried garlic (optional)
4 boiled and peeled quail eggs
1 tbsp Vietnamese shrimp salt (Muối Tôm) (or kosher salt; adjust to taste)
1 tbsp Vietnamese chili oil (adjust to taste)
½ tbsp sriracha sauce (adjust to taste)
1 tbsp granulated sugar (adjust to taste)
2 tbsp calamansi juice (or lemon/lime juice; adjust to taste)
2 tbsp water
½ tbsp butter (7g)",https://savourthepho.com/vietnamese-rice-paper-salad/
Pâté Chaud (Bánh Pate Sô) – Vietnamese Meat Pie,"Bánh Pate Sô (Pork Pâté Chaud), a delightful combination of buttery, flaky goodness and savory pork filling. Whether for breakfast or as finger food at potlucks, its impressive deliciousness awaits.","2 sheets fresh or frozen puff pastry dough (around 500g or 1.1 lbs)
0.6 pound ground pork (280g)
0.3 pound liver pâté (130g) (Vietnamese liver pâté works best)
½ large onion (finely diced)
0.2 pound jicama or water chestnuts (100g) (finely diced, optional)
½ tbsp cornstarch
1 egg (white and yolk separated)
½ tbsp soy sauce
1 tsp chicken powder
1 tbsp oyster sauce
½ tsp sugar
1 tsp black pepper powder",https://savourthepho.com/pork-pate-chaud-banh-pate-so-recipe/
Crispy Pork Belly – Thịt Heo Quay (Quick !),"Craving thatcrispy pork bellyfrom your favorite Asian restaurant? After countless trials, I’ve nailed a foolproof, low-effort, and mess-free method for golden, crackly skin—in under 3 hours.","2.2 lbs pork belly (1kg, with an even fat layer and smooth skin)
white vinegar (enough to soak the skin)
1 tsp fine salt
¼ tsp baking powder (optional)
A little cooking oil
1½ tsp salt (adjust to taste)
2 tsp hoisin sauce (adjust to taste)
1 tsp five spice powder
1 tsp garlic powder",https://savourthepho.com/crispy-pork-belly-recipe/
Vietnamese Caramel Sauce – Nước Màu (2 ingredients),"Nước Màulends a gorgeous caramel hue to numerous Vietnamese dishes. While you can find it in many Asian markets, it's even easier to make at home with just two ingredients: sugar and water.","1 cup sugar (160g)
2 tbsp water
¼ cup water (60ml)
1 cup sugar (160g)
2 tbsp water
¼ cup water (60ml)",https://savourthepho.com/vietnamese-caramel-sauce/
